CRITICAL - 2026-04-29 17:54:39 --> Error: Class "App\Models\egresadosModel" not found
[Method: POST, Route: egresados/obtenerFila]
in APPPATH\Controllers\Egresados.php on line 16.
 1 SYSTEMPATH\CodeIgniter.php(933): App\Controllers\Egresados->obtenerFila()
 2 SYSTEMPATH\CodeIgniter.php(507): CodeIgniter\CodeIgniter->runController(Object(App\Controllers\Egresados))
 3 SYSTEMPATH\CodeIgniter.php(354): CodeIgniter\CodeIgniter->handleRequest(null, Object(Config\Cache), false)
 4 SYSTEMPATH\Boot.php(363): CodeIgniter\CodeIgniter->run()
 5 SYSTEMPATH\Boot.php(68): CodeIgniter\Boot::runCodeIgniter(Object(CodeIgniter\CodeIgniter))
 6 FCPATH\index.php(59): CodeIgniter\Boot::bootWeb(Object(Config\Paths))
ERROR - 2026-04-29 17:56:08 --> mysqli_sql_exception: Unknown column 'f.cur_ano+1' in 'field list' in C:\xampp\htdocs\api_siices\system\Database\MySQLi\Connection.php:327
Stack trace:
#0 C:\xampp\htdocs\api_siices\system\Database\MySQLi\Connection.php(327): mysqli->query('SELECT `f`.`cur...', 0)
#1 C:\xampp\htdocs\api_siices\system\Database\BaseConnection.php(729): CodeIgniter\Database\MySQLi\Connection->execute('SELECT `f`.`cur...')
#2 C:\xampp\htdocs\api_siices\system\Database\BaseConnection.php(646): CodeIgniter\Database\BaseConnection->simpleQuery('SELECT `f`.`cur...')
#3 C:\xampp\htdocs\api_siices\system\Database\BaseBuilder.php(1649): CodeIgniter\Database\BaseConnection->query('SELECT `f`.`cur...', Array, false)
#4 C:\xampp\htdocs\api_siices\app\Models\egresadosModel.php(74): CodeIgniter\Database\BaseBuilder->get()
#5 C:\xampp\htdocs\api_siices\app\Controllers\Egresados.php(60): App\Models\egresadosModel->obtenerPorCampos(NULL, NULL, NULL, NULL, NULL)
#6 C:\xampp\htdocs\api_siices\system\CodeIgniter.php(933): App\Controllers\Egresados->obtenerFila()
#7 C:\xampp\htdocs\api_siices\system\CodeIgniter.php(507): CodeIgniter\CodeIgniter->runController(Object(App\Controllers\Egresados))
#8 C:\xampp\htdocs\api_siices\system\CodeIgniter.php(354): CodeIgniter\CodeIgniter->handleRequest(NULL, Object(Config\Cache), false)
#9 C:\xampp\htdocs\api_siices\system\Boot.php(363): CodeIgniter\CodeIgniter->run()
#10 C:\xampp\htdocs\api_siices\system\Boot.php(68): CodeIgniter\Boot::runCodeIgniter(Object(CodeIgniter\CodeIgniter))
#11 C:\xampp\htdocs\api_siices\public\index.php(59): CodeIgniter\Boot::bootWeb(Object(Config\Paths))
#12 {main}
CRITICAL - 2026-04-29 17:56:09 --> CodeIgniter\Database\Exceptions\DatabaseException: Unknown column 'f.cur_ano+1' in 'field list'
[Method: POST, Route: egresados/obtenerFila]
in SYSTEMPATH\Database\BaseConnection.php on line 684.
 1 SYSTEMPATH\Database\BaseBuilder.php(1649): CodeIgniter\Database\BaseConnection->query('SELECT `f`.`cur_ano+1` AS `ANO_EGRESO`, `b`.`mta_ctg_nom` AS `CATEGORIA`, trim(CONCAT(i.EDO_NOM, \' \', h.DEL_NOM)) AS DELEGACION, `d`.`esp_nom` as `ESPECIALIDAD`, case when d.esp_tip_cve=1 then \'DIRECTA\' ELSE \'RAMA\' END AS \'TIPO_ESPECIALIDAD\', `g`.`sde_nom` AS `SEDE`, `f`.`grd_num` AS `GRADO`, `e`.`curp`, `j`.`gnr_nom` AS `GENERO`, `e`.`per_ap1`, `e`.`per_ap2`, `e`.`per_nom`, `c`.`MTA_TIP_NOM` AS `TIPO`
FROM `srm_per_reg_arc` `a`
JOIN `srm_mta_ctg_cat` `b` ON `a`.`mta_ctg_cve`=`b`.`mta_ctg_cve`
JOIN `srm_mta_tip_cat` `c` ON `a`.`mta_tip_cve`=`c`.`mta_tip_cve`
JOIN `srm_esp_cat` `d` ON `a`.`esp_cve`=`d`.`esp_cve`
JOIN `gra_per_arc` `e` ON `a`.`PER_CVE`=`e`.`PER_CVE`
JOIN `srm_per_ads_arc1` `f` ON `a`.`reg_cve`=`f`.`reg_cve`
JOIN `gra_sde_cat` `g` ON `f`.`sde_cve`=`g`.`sde_cve`
JOIN `ims_del_cat` `h` ON `g`.`del_cve`=`h`.`del_cve`
JOIN `gra_edo_cat` `i` ON `g`.`edo_cve`=`i`.`edo_cve`
JOIN `gra_per_gnr_cat` `j` ON `j`.`gnr_cve`=`e`.`gnr_cve`
WHERE `f`.`egr_sta_cve` = :f.egr_sta_cve:
AND `f`.`ter_sta_cve` = :f.ter_sta_cve:
ORDER BY `f`.`cur_ano` DESC, `d`.`esp_nom` DESC, `e`.`per_ap1` DESC, `e`.`per_ap2` DESC, `e`.`per_nom` DESC', [...], false)
 2 APPPATH\Models\egresadosModel.php(74): CodeIgniter\Database\BaseBuilder->get()
 3 APPPATH\Controllers\Egresados.php(60): App\Models\egresadosModel->obtenerPorCampos(null, null, null, null, null)
 4 SYSTEMPATH\CodeIgniter.php(933): App\Controllers\Egresados->obtenerFila()
 5 SYSTEMPATH\CodeIgniter.php(507): CodeIgniter\CodeIgniter->runController(Object(App\Controllers\Egresados))
 6 SYSTEMPATH\CodeIgniter.php(354): CodeIgniter\CodeIgniter->handleRequest(null, Object(Config\Cache), false)
 7 SYSTEMPATH\Boot.php(363): CodeIgniter\CodeIgniter->run()
 8 SYSTEMPATH\Boot.php(68): CodeIgniter\Boot::runCodeIgniter(Object(CodeIgniter\CodeIgniter))
 9 FCPATH\index.php(59): CodeIgniter\Boot::bootWeb(Object(Config\Paths))
CRITICAL - 2026-04-29 17:56:09 --> [Caused by] CodeIgniter\Database\Exceptions\DatabaseException: Unknown column 'f.cur_ano+1' in 'field list'
in SYSTEMPATH\Database\MySQLi\Connection.php on line 332.
 1 SYSTEMPATH\Database\BaseConnection.php(729): CodeIgniter\Database\MySQLi\Connection->execute('SELECT `f`.`cur_ano+1` AS `ANO_EGRESO`, `b`.`mta_ctg_nom` AS `CATEGORIA`, trim(CONCAT(i.EDO_NOM, \' \', h.DEL_NOM)) AS DELEGACION, `d`.`esp_nom` as `ESPECIALIDAD`, case when d.esp_tip_cve=1 then \'DIRECTA\' ELSE \'RAMA\' END AS \'TIPO_ESPECIALIDAD\', `g`.`sde_nom` AS `SEDE`, `f`.`grd_num` AS `GRADO`, `e`.`curp`, `j`.`gnr_nom` AS `GENERO`, `e`.`per_ap1`, `e`.`per_ap2`, `e`.`per_nom`, `c`.`MTA_TIP_NOM` AS `TIPO`
FROM `srm_per_reg_arc` `a`
JOIN `srm_mta_ctg_cat` `b` ON `a`.`mta_ctg_cve`=`b`.`mta_ctg_cve`
JOIN `srm_mta_tip_cat` `c` ON `a`.`mta_tip_cve`=`c`.`mta_tip_cve`
JOIN `srm_esp_cat` `d` ON `a`.`esp_cve`=`d`.`esp_cve`
JOIN `gra_per_arc` `e` ON `a`.`PER_CVE`=`e`.`PER_CVE`
JOIN `srm_per_ads_arc1` `f` ON `a`.`reg_cve`=`f`.`reg_cve`
JOIN `gra_sde_cat` `g` ON `f`.`sde_cve`=`g`.`sde_cve`
JOIN `ims_del_cat` `h` ON `g`.`del_cve`=`h`.`del_cve`
JOIN `gra_edo_cat` `i` ON `g`.`edo_cve`=`i`.`edo_cve`
JOIN `gra_per_gnr_cat` `j` ON `j`.`gnr_cve`=`e`.`gnr_cve`
WHERE `f`.`egr_sta_cve` = 1
AND `f`.`ter_sta_cve` = 1
ORDER BY `f`.`cur_ano` DESC, `d`.`esp_nom` DESC, `e`.`per_ap1` DESC, `e`.`per_ap2` DESC, `e`.`per_nom` DESC')
 2 SYSTEMPATH\Database\BaseConnection.php(646): CodeIgniter\Database\BaseConnection->simpleQuery('SELECT `f`.`cur_ano+1` AS `ANO_EGRESO`, `b`.`mta_ctg_nom` AS `CATEGORIA`, trim(CONCAT(i.EDO_NOM, \' \', h.DEL_NOM)) AS DELEGACION, `d`.`esp_nom` as `ESPECIALIDAD`, case when d.esp_tip_cve=1 then \'DIRECTA\' ELSE \'RAMA\' END AS \'TIPO_ESPECIALIDAD\', `g`.`sde_nom` AS `SEDE`, `f`.`grd_num` AS `GRADO`, `e`.`curp`, `j`.`gnr_nom` AS `GENERO`, `e`.`per_ap1`, `e`.`per_ap2`, `e`.`per_nom`, `c`.`MTA_TIP_NOM` AS `TIPO`
FROM `srm_per_reg_arc` `a`
JOIN `srm_mta_ctg_cat` `b` ON `a`.`mta_ctg_cve`=`b`.`mta_ctg_cve`
JOIN `srm_mta_tip_cat` `c` ON `a`.`mta_tip_cve`=`c`.`mta_tip_cve`
JOIN `srm_esp_cat` `d` ON `a`.`esp_cve`=`d`.`esp_cve`
JOIN `gra_per_arc` `e` ON `a`.`PER_CVE`=`e`.`PER_CVE`
JOIN `srm_per_ads_arc1` `f` ON `a`.`reg_cve`=`f`.`reg_cve`
JOIN `gra_sde_cat` `g` ON `f`.`sde_cve`=`g`.`sde_cve`
JOIN `ims_del_cat` `h` ON `g`.`del_cve`=`h`.`del_cve`
JOIN `gra_edo_cat` `i` ON `g`.`edo_cve`=`i`.`edo_cve`
JOIN `gra_per_gnr_cat` `j` ON `j`.`gnr_cve`=`e`.`gnr_cve`
WHERE `f`.`egr_sta_cve` = 1
AND `f`.`ter_sta_cve` = 1
ORDER BY `f`.`cur_ano` DESC, `d`.`esp_nom` DESC, `e`.`per_ap1` DESC, `e`.`per_ap2` DESC, `e`.`per_nom` DESC')
 3 SYSTEMPATH\Database\BaseBuilder.php(1649): CodeIgniter\Database\BaseConnection->query('SELECT `f`.`cur_ano+1` AS `ANO_EGRESO`, `b`.`mta_ctg_nom` AS `CATEGORIA`, trim(CONCAT(i.EDO_NOM, \' \', h.DEL_NOM)) AS DELEGACION, `d`.`esp_nom` as `ESPECIALIDAD`, case when d.esp_tip_cve=1 then \'DIRECTA\' ELSE \'RAMA\' END AS \'TIPO_ESPECIALIDAD\', `g`.`sde_nom` AS `SEDE`, `f`.`grd_num` AS `GRADO`, `e`.`curp`, `j`.`gnr_nom` AS `GENERO`, `e`.`per_ap1`, `e`.`per_ap2`, `e`.`per_nom`, `c`.`MTA_TIP_NOM` AS `TIPO`
FROM `srm_per_reg_arc` `a`
JOIN `srm_mta_ctg_cat` `b` ON `a`.`mta_ctg_cve`=`b`.`mta_ctg_cve`
JOIN `srm_mta_tip_cat` `c` ON `a`.`mta_tip_cve`=`c`.`mta_tip_cve`
JOIN `srm_esp_cat` `d` ON `a`.`esp_cve`=`d`.`esp_cve`
JOIN `gra_per_arc` `e` ON `a`.`PER_CVE`=`e`.`PER_CVE`
JOIN `srm_per_ads_arc1` `f` ON `a`.`reg_cve`=`f`.`reg_cve`
JOIN `gra_sde_cat` `g` ON `f`.`sde_cve`=`g`.`sde_cve`
JOIN `ims_del_cat` `h` ON `g`.`del_cve`=`h`.`del_cve`
JOIN `gra_edo_cat` `i` ON `g`.`edo_cve`=`i`.`edo_cve`
JOIN `gra_per_gnr_cat` `j` ON `j`.`gnr_cve`=`e`.`gnr_cve`
WHERE `f`.`egr_sta_cve` = :f.egr_sta_cve:
AND `f`.`ter_sta_cve` = :f.ter_sta_cve:
ORDER BY `f`.`cur_ano` DESC, `d`.`esp_nom` DESC, `e`.`per_ap1` DESC, `e`.`per_ap2` DESC, `e`.`per_nom` DESC', [...], false)
 4 APPPATH\Models\egresadosModel.php(74): CodeIgniter\Database\BaseBuilder->get()
 5 APPPATH\Controllers\Egresados.php(60): App\Models\egresadosModel->obtenerPorCampos(null, null, null, null, null)
 6 SYSTEMPATH\CodeIgniter.php(933): App\Controllers\Egresados->obtenerFila()
 7 SYSTEMPATH\CodeIgniter.php(507): CodeIgniter\CodeIgniter->runController(Object(App\Controllers\Egresados))
 8 SYSTEMPATH\CodeIgniter.php(354): CodeIgniter\CodeIgniter->handleRequest(null, Object(Config\Cache), false)
 9 SYSTEMPATH\Boot.php(363): CodeIgniter\CodeIgniter->run()
10 SYSTEMPATH\Boot.php(68): CodeIgniter\Boot::runCodeIgniter(Object(CodeIgniter\CodeIgniter))
11 FCPATH\index.php(59): CodeIgniter\Boot::bootWeb(Object(Config\Paths))
CRITICAL - 2026-04-29 17:56:09 --> [Caused by] mysqli_sql_exception: Unknown column 'f.cur_ano+1' in 'field list'
in SYSTEMPATH\Database\MySQLi\Connection.php on line 327.
 1 SYSTEMPATH\Database\MySQLi\Connection.php(327): mysqli->query('SELECT `f`.`cur_ano+1` AS `ANO_EGRESO`, `b`.`mta_ctg_nom` AS `CATEGORIA`, trim(CONCAT(i.EDO_NOM, \' \', h.DEL_NOM)) AS DELEGACION, `d`.`esp_nom` as `ESPECIALIDAD`, case when d.esp_tip_cve=1 then \'DIRECTA\' ELSE \'RAMA\' END AS \'TIPO_ESPECIALIDAD\', `g`.`sde_nom` AS `SEDE`, `f`.`grd_num` AS `GRADO`, `e`.`curp`, `j`.`gnr_nom` AS `GENERO`, `e`.`per_ap1`, `e`.`per_ap2`, `e`.`per_nom`, `c`.`MTA_TIP_NOM` AS `TIPO`
FROM `srm_per_reg_arc` `a`
JOIN `srm_mta_ctg_cat` `b` ON `a`.`mta_ctg_cve`=`b`.`mta_ctg_cve`
JOIN `srm_mta_tip_cat` `c` ON `a`.`mta_tip_cve`=`c`.`mta_tip_cve`
JOIN `srm_esp_cat` `d` ON `a`.`esp_cve`=`d`.`esp_cve`
JOIN `gra_per_arc` `e` ON `a`.`PER_CVE`=`e`.`PER_CVE`
JOIN `srm_per_ads_arc1` `f` ON `a`.`reg_cve`=`f`.`reg_cve`
JOIN `gra_sde_cat` `g` ON `f`.`sde_cve`=`g`.`sde_cve`
JOIN `ims_del_cat` `h` ON `g`.`del_cve`=`h`.`del_cve`
JOIN `gra_edo_cat` `i` ON `g`.`edo_cve`=`i`.`edo_cve`
JOIN `gra_per_gnr_cat` `j` ON `j`.`gnr_cve`=`e`.`gnr_cve`
WHERE `f`.`egr_sta_cve` = 1
AND `f`.`ter_sta_cve` = 1
ORDER BY `f`.`cur_ano` DESC, `d`.`esp_nom` DESC, `e`.`per_ap1` DESC, `e`.`per_ap2` DESC, `e`.`per_nom` DESC', 0)
 2 SYSTEMPATH\Database\BaseConnection.php(729): CodeIgniter\Database\MySQLi\Connection->execute('SELECT `f`.`cur_ano+1` AS `ANO_EGRESO`, `b`.`mta_ctg_nom` AS `CATEGORIA`, trim(CONCAT(i.EDO_NOM, \' \', h.DEL_NOM)) AS DELEGACION, `d`.`esp_nom` as `ESPECIALIDAD`, case when d.esp_tip_cve=1 then \'DIRECTA\' ELSE \'RAMA\' END AS \'TIPO_ESPECIALIDAD\', `g`.`sde_nom` AS `SEDE`, `f`.`grd_num` AS `GRADO`, `e`.`curp`, `j`.`gnr_nom` AS `GENERO`, `e`.`per_ap1`, `e`.`per_ap2`, `e`.`per_nom`, `c`.`MTA_TIP_NOM` AS `TIPO`
FROM `srm_per_reg_arc` `a`
JOIN `srm_mta_ctg_cat` `b` ON `a`.`mta_ctg_cve`=`b`.`mta_ctg_cve`
JOIN `srm_mta_tip_cat` `c` ON `a`.`mta_tip_cve`=`c`.`mta_tip_cve`
JOIN `srm_esp_cat` `d` ON `a`.`esp_cve`=`d`.`esp_cve`
JOIN `gra_per_arc` `e` ON `a`.`PER_CVE`=`e`.`PER_CVE`
JOIN `srm_per_ads_arc1` `f` ON `a`.`reg_cve`=`f`.`reg_cve`
JOIN `gra_sde_cat` `g` ON `f`.`sde_cve`=`g`.`sde_cve`
JOIN `ims_del_cat` `h` ON `g`.`del_cve`=`h`.`del_cve`
JOIN `gra_edo_cat` `i` ON `g`.`edo_cve`=`i`.`edo_cve`
JOIN `gra_per_gnr_cat` `j` ON `j`.`gnr_cve`=`e`.`gnr_cve`
WHERE `f`.`egr_sta_cve` = 1
AND `f`.`ter_sta_cve` = 1
ORDER BY `f`.`cur_ano` DESC, `d`.`esp_nom` DESC, `e`.`per_ap1` DESC, `e`.`per_ap2` DESC, `e`.`per_nom` DESC')
 3 SYSTEMPATH\Database\BaseConnection.php(646): CodeIgniter\Database\BaseConnection->simpleQuery('SELECT `f`.`cur_ano+1` AS `ANO_EGRESO`, `b`.`mta_ctg_nom` AS `CATEGORIA`, trim(CONCAT(i.EDO_NOM, \' \', h.DEL_NOM)) AS DELEGACION, `d`.`esp_nom` as `ESPECIALIDAD`, case when d.esp_tip_cve=1 then \'DIRECTA\' ELSE \'RAMA\' END AS \'TIPO_ESPECIALIDAD\', `g`.`sde_nom` AS `SEDE`, `f`.`grd_num` AS `GRADO`, `e`.`curp`, `j`.`gnr_nom` AS `GENERO`, `e`.`per_ap1`, `e`.`per_ap2`, `e`.`per_nom`, `c`.`MTA_TIP_NOM` AS `TIPO`
FROM `srm_per_reg_arc` `a`
JOIN `srm_mta_ctg_cat` `b` ON `a`.`mta_ctg_cve`=`b`.`mta_ctg_cve`
JOIN `srm_mta_tip_cat` `c` ON `a`.`mta_tip_cve`=`c`.`mta_tip_cve`
JOIN `srm_esp_cat` `d` ON `a`.`esp_cve`=`d`.`esp_cve`
JOIN `gra_per_arc` `e` ON `a`.`PER_CVE`=`e`.`PER_CVE`
JOIN `srm_per_ads_arc1` `f` ON `a`.`reg_cve`=`f`.`reg_cve`
JOIN `gra_sde_cat` `g` ON `f`.`sde_cve`=`g`.`sde_cve`
JOIN `ims_del_cat` `h` ON `g`.`del_cve`=`h`.`del_cve`
JOIN `gra_edo_cat` `i` ON `g`.`edo_cve`=`i`.`edo_cve`
JOIN `gra_per_gnr_cat` `j` ON `j`.`gnr_cve`=`e`.`gnr_cve`
WHERE `f`.`egr_sta_cve` = 1
AND `f`.`ter_sta_cve` = 1
ORDER BY `f`.`cur_ano` DESC, `d`.`esp_nom` DESC, `e`.`per_ap1` DESC, `e`.`per_ap2` DESC, `e`.`per_nom` DESC')
 4 SYSTEMPATH\Database\BaseBuilder.php(1649): CodeIgniter\Database\BaseConnection->query('SELECT `f`.`cur_ano+1` AS `ANO_EGRESO`, `b`.`mta_ctg_nom` AS `CATEGORIA`, trim(CONCAT(i.EDO_NOM, \' \', h.DEL_NOM)) AS DELEGACION, `d`.`esp_nom` as `ESPECIALIDAD`, case when d.esp_tip_cve=1 then \'DIRECTA\' ELSE \'RAMA\' END AS \'TIPO_ESPECIALIDAD\', `g`.`sde_nom` AS `SEDE`, `f`.`grd_num` AS `GRADO`, `e`.`curp`, `j`.`gnr_nom` AS `GENERO`, `e`.`per_ap1`, `e`.`per_ap2`, `e`.`per_nom`, `c`.`MTA_TIP_NOM` AS `TIPO`
FROM `srm_per_reg_arc` `a`
JOIN `srm_mta_ctg_cat` `b` ON `a`.`mta_ctg_cve`=`b`.`mta_ctg_cve`
JOIN `srm_mta_tip_cat` `c` ON `a`.`mta_tip_cve`=`c`.`mta_tip_cve`
JOIN `srm_esp_cat` `d` ON `a`.`esp_cve`=`d`.`esp_cve`
JOIN `gra_per_arc` `e` ON `a`.`PER_CVE`=`e`.`PER_CVE`
JOIN `srm_per_ads_arc1` `f` ON `a`.`reg_cve`=`f`.`reg_cve`
JOIN `gra_sde_cat` `g` ON `f`.`sde_cve`=`g`.`sde_cve`
JOIN `ims_del_cat` `h` ON `g`.`del_cve`=`h`.`del_cve`
JOIN `gra_edo_cat` `i` ON `g`.`edo_cve`=`i`.`edo_cve`
JOIN `gra_per_gnr_cat` `j` ON `j`.`gnr_cve`=`e`.`gnr_cve`
WHERE `f`.`egr_sta_cve` = :f.egr_sta_cve:
AND `f`.`ter_sta_cve` = :f.ter_sta_cve:
ORDER BY `f`.`cur_ano` DESC, `d`.`esp_nom` DESC, `e`.`per_ap1` DESC, `e`.`per_ap2` DESC, `e`.`per_nom` DESC', [...], false)
 5 APPPATH\Models\egresadosModel.php(74): CodeIgniter\Database\BaseBuilder->get()
 6 APPPATH\Controllers\Egresados.php(60): App\Models\egresadosModel->obtenerPorCampos(null, null, null, null, null)
 7 SYSTEMPATH\CodeIgniter.php(933): App\Controllers\Egresados->obtenerFila()
 8 SYSTEMPATH\CodeIgniter.php(507): CodeIgniter\CodeIgniter->runController(Object(App\Controllers\Egresados))
 9 SYSTEMPATH\CodeIgniter.php(354): CodeIgniter\CodeIgniter->handleRequest(null, Object(Config\Cache), false)
10 SYSTEMPATH\Boot.php(363): CodeIgniter\CodeIgniter->run()
11 SYSTEMPATH\Boot.php(68): CodeIgniter\Boot::runCodeIgniter(Object(CodeIgniter\CodeIgniter))
12 FCPATH\index.php(59): CodeIgniter\Boot::bootWeb(Object(Config\Paths))
ERROR - 2026-04-29 17:56:38 --> mysqli_sql_exception: Unknown column 'f.cur_ano+1' in 'field list' in C:\xampp\htdocs\api_siices\system\Database\MySQLi\Connection.php:327
Stack trace:
#0 C:\xampp\htdocs\api_siices\system\Database\MySQLi\Connection.php(327): mysqli->query('SELECT `f`.`cur...', 0)
#1 C:\xampp\htdocs\api_siices\system\Database\BaseConnection.php(729): CodeIgniter\Database\MySQLi\Connection->execute('SELECT `f`.`cur...')
#2 C:\xampp\htdocs\api_siices\system\Database\BaseConnection.php(646): CodeIgniter\Database\BaseConnection->simpleQuery('SELECT `f`.`cur...')
#3 C:\xampp\htdocs\api_siices\system\Database\BaseBuilder.php(1649): CodeIgniter\Database\BaseConnection->query('SELECT `f`.`cur...', Array, false)
#4 C:\xampp\htdocs\api_siices\app\Models\egresadosModel.php(74): CodeIgniter\Database\BaseBuilder->get()
#5 C:\xampp\htdocs\api_siices\app\Controllers\Egresados.php(60): App\Models\egresadosModel->obtenerPorCampos(NULL, NULL, NULL, NULL, NULL)
#6 C:\xampp\htdocs\api_siices\system\CodeIgniter.php(933): App\Controllers\Egresados->obtenerFila()
#7 C:\xampp\htdocs\api_siices\system\CodeIgniter.php(507): CodeIgniter\CodeIgniter->runController(Object(App\Controllers\Egresados))
#8 C:\xampp\htdocs\api_siices\system\CodeIgniter.php(354): CodeIgniter\CodeIgniter->handleRequest(NULL, Object(Config\Cache), false)
#9 C:\xampp\htdocs\api_siices\system\Boot.php(363): CodeIgniter\CodeIgniter->run()
#10 C:\xampp\htdocs\api_siices\system\Boot.php(68): CodeIgniter\Boot::runCodeIgniter(Object(CodeIgniter\CodeIgniter))
#11 C:\xampp\htdocs\api_siices\public\index.php(59): CodeIgniter\Boot::bootWeb(Object(Config\Paths))
#12 {main}
CRITICAL - 2026-04-29 17:56:38 --> CodeIgniter\Database\Exceptions\DatabaseException: Unknown column 'f.cur_ano+1' in 'field list'
[Method: POST, Route: egresados/obtenerFila]
in SYSTEMPATH\Database\BaseConnection.php on line 684.
 1 SYSTEMPATH\Database\BaseBuilder.php(1649): CodeIgniter\Database\BaseConnection->query('SELECT `f`.`cur_ano+1` AS `ANO_EGRESO`, `b`.`mta_ctg_nom` AS `CATEGORIA`, trim(CONCAT(i.EDO_NOM, \' \', h.DEL_NOM)) AS DELEGACION, `d`.`esp_nom` as `ESPECIALIDAD`, case when d.esp_tip_cve=1 then \'DIRECTA\' ELSE \'RAMA\' END AS \'TIPO_ESPECIALIDAD\', `g`.`sde_nom` AS `SEDE`, `f`.`grd_num` AS `GRADO`, `e`.`curp`, `j`.`gnr_nom` AS `GENERO`, `e`.`per_ap1`, `e`.`per_ap2`, `e`.`per_nom`, `c`.`MTA_TIP_NOM` AS `TIPO`
FROM `srm_per_reg_arc` `a`
JOIN `srm_mta_ctg_cat` `b` ON `a`.`mta_ctg_cve`=`b`.`mta_ctg_cve`
JOIN `srm_mta_tip_cat` `c` ON `a`.`mta_tip_cve`=`c`.`mta_tip_cve`
JOIN `srm_esp_cat` `d` ON `a`.`esp_cve`=`d`.`esp_cve`
JOIN `gra_per_arc` `e` ON `a`.`PER_CVE`=`e`.`PER_CVE`
JOIN `srm_per_ads_arc1` `f` ON `a`.`reg_cve`=`f`.`reg_cve`
JOIN `gra_sde_cat` `g` ON `f`.`sde_cve`=`g`.`sde_cve`
JOIN `ims_del_cat` `h` ON `g`.`del_cve`=`h`.`del_cve`
JOIN `gra_edo_cat` `i` ON `g`.`edo_cve`=`i`.`edo_cve`
JOIN `gra_per_gnr_cat` `j` ON `j`.`gnr_cve`=`e`.`gnr_cve`
WHERE `f`.`egr_sta_cve` = :f.egr_sta_cve:
AND `f`.`ter_sta_cve` = :f.ter_sta_cve:
ORDER BY `f`.`cur_ano` DESC, `d`.`esp_nom` DESC, `e`.`per_ap1` DESC, `e`.`per_ap2` DESC, `e`.`per_nom` DESC', [...], false)
 2 APPPATH\Models\egresadosModel.php(74): CodeIgniter\Database\BaseBuilder->get()
 3 APPPATH\Controllers\Egresados.php(60): App\Models\egresadosModel->obtenerPorCampos(null, null, null, null, null)
 4 SYSTEMPATH\CodeIgniter.php(933): App\Controllers\Egresados->obtenerFila()
 5 SYSTEMPATH\CodeIgniter.php(507): CodeIgniter\CodeIgniter->runController(Object(App\Controllers\Egresados))
 6 SYSTEMPATH\CodeIgniter.php(354): CodeIgniter\CodeIgniter->handleRequest(null, Object(Config\Cache), false)
 7 SYSTEMPATH\Boot.php(363): CodeIgniter\CodeIgniter->run()
 8 SYSTEMPATH\Boot.php(68): CodeIgniter\Boot::runCodeIgniter(Object(CodeIgniter\CodeIgniter))
 9 FCPATH\index.php(59): CodeIgniter\Boot::bootWeb(Object(Config\Paths))
CRITICAL - 2026-04-29 17:56:38 --> [Caused by] CodeIgniter\Database\Exceptions\DatabaseException: Unknown column 'f.cur_ano+1' in 'field list'
in SYSTEMPATH\Database\MySQLi\Connection.php on line 332.
 1 SYSTEMPATH\Database\BaseConnection.php(729): CodeIgniter\Database\MySQLi\Connection->execute('SELECT `f`.`cur_ano+1` AS `ANO_EGRESO`, `b`.`mta_ctg_nom` AS `CATEGORIA`, trim(CONCAT(i.EDO_NOM, \' \', h.DEL_NOM)) AS DELEGACION, `d`.`esp_nom` as `ESPECIALIDAD`, case when d.esp_tip_cve=1 then \'DIRECTA\' ELSE \'RAMA\' END AS \'TIPO_ESPECIALIDAD\', `g`.`sde_nom` AS `SEDE`, `f`.`grd_num` AS `GRADO`, `e`.`curp`, `j`.`gnr_nom` AS `GENERO`, `e`.`per_ap1`, `e`.`per_ap2`, `e`.`per_nom`, `c`.`MTA_TIP_NOM` AS `TIPO`
FROM `srm_per_reg_arc` `a`
JOIN `srm_mta_ctg_cat` `b` ON `a`.`mta_ctg_cve`=`b`.`mta_ctg_cve`
JOIN `srm_mta_tip_cat` `c` ON `a`.`mta_tip_cve`=`c`.`mta_tip_cve`
JOIN `srm_esp_cat` `d` ON `a`.`esp_cve`=`d`.`esp_cve`
JOIN `gra_per_arc` `e` ON `a`.`PER_CVE`=`e`.`PER_CVE`
JOIN `srm_per_ads_arc1` `f` ON `a`.`reg_cve`=`f`.`reg_cve`
JOIN `gra_sde_cat` `g` ON `f`.`sde_cve`=`g`.`sde_cve`
JOIN `ims_del_cat` `h` ON `g`.`del_cve`=`h`.`del_cve`
JOIN `gra_edo_cat` `i` ON `g`.`edo_cve`=`i`.`edo_cve`
JOIN `gra_per_gnr_cat` `j` ON `j`.`gnr_cve`=`e`.`gnr_cve`
WHERE `f`.`egr_sta_cve` = 1
AND `f`.`ter_sta_cve` = 1
ORDER BY `f`.`cur_ano` DESC, `d`.`esp_nom` DESC, `e`.`per_ap1` DESC, `e`.`per_ap2` DESC, `e`.`per_nom` DESC')
 2 SYSTEMPATH\Database\BaseConnection.php(646): CodeIgniter\Database\BaseConnection->simpleQuery('SELECT `f`.`cur_ano+1` AS `ANO_EGRESO`, `b`.`mta_ctg_nom` AS `CATEGORIA`, trim(CONCAT(i.EDO_NOM, \' \', h.DEL_NOM)) AS DELEGACION, `d`.`esp_nom` as `ESPECIALIDAD`, case when d.esp_tip_cve=1 then \'DIRECTA\' ELSE \'RAMA\' END AS \'TIPO_ESPECIALIDAD\', `g`.`sde_nom` AS `SEDE`, `f`.`grd_num` AS `GRADO`, `e`.`curp`, `j`.`gnr_nom` AS `GENERO`, `e`.`per_ap1`, `e`.`per_ap2`, `e`.`per_nom`, `c`.`MTA_TIP_NOM` AS `TIPO`
FROM `srm_per_reg_arc` `a`
JOIN `srm_mta_ctg_cat` `b` ON `a`.`mta_ctg_cve`=`b`.`mta_ctg_cve`
JOIN `srm_mta_tip_cat` `c` ON `a`.`mta_tip_cve`=`c`.`mta_tip_cve`
JOIN `srm_esp_cat` `d` ON `a`.`esp_cve`=`d`.`esp_cve`
JOIN `gra_per_arc` `e` ON `a`.`PER_CVE`=`e`.`PER_CVE`
JOIN `srm_per_ads_arc1` `f` ON `a`.`reg_cve`=`f`.`reg_cve`
JOIN `gra_sde_cat` `g` ON `f`.`sde_cve`=`g`.`sde_cve`
JOIN `ims_del_cat` `h` ON `g`.`del_cve`=`h`.`del_cve`
JOIN `gra_edo_cat` `i` ON `g`.`edo_cve`=`i`.`edo_cve`
JOIN `gra_per_gnr_cat` `j` ON `j`.`gnr_cve`=`e`.`gnr_cve`
WHERE `f`.`egr_sta_cve` = 1
AND `f`.`ter_sta_cve` = 1
ORDER BY `f`.`cur_ano` DESC, `d`.`esp_nom` DESC, `e`.`per_ap1` DESC, `e`.`per_ap2` DESC, `e`.`per_nom` DESC')
 3 SYSTEMPATH\Database\BaseBuilder.php(1649): CodeIgniter\Database\BaseConnection->query('SELECT `f`.`cur_ano+1` AS `ANO_EGRESO`, `b`.`mta_ctg_nom` AS `CATEGORIA`, trim(CONCAT(i.EDO_NOM, \' \', h.DEL_NOM)) AS DELEGACION, `d`.`esp_nom` as `ESPECIALIDAD`, case when d.esp_tip_cve=1 then \'DIRECTA\' ELSE \'RAMA\' END AS \'TIPO_ESPECIALIDAD\', `g`.`sde_nom` AS `SEDE`, `f`.`grd_num` AS `GRADO`, `e`.`curp`, `j`.`gnr_nom` AS `GENERO`, `e`.`per_ap1`, `e`.`per_ap2`, `e`.`per_nom`, `c`.`MTA_TIP_NOM` AS `TIPO`
FROM `srm_per_reg_arc` `a`
JOIN `srm_mta_ctg_cat` `b` ON `a`.`mta_ctg_cve`=`b`.`mta_ctg_cve`
JOIN `srm_mta_tip_cat` `c` ON `a`.`mta_tip_cve`=`c`.`mta_tip_cve`
JOIN `srm_esp_cat` `d` ON `a`.`esp_cve`=`d`.`esp_cve`
JOIN `gra_per_arc` `e` ON `a`.`PER_CVE`=`e`.`PER_CVE`
JOIN `srm_per_ads_arc1` `f` ON `a`.`reg_cve`=`f`.`reg_cve`
JOIN `gra_sde_cat` `g` ON `f`.`sde_cve`=`g`.`sde_cve`
JOIN `ims_del_cat` `h` ON `g`.`del_cve`=`h`.`del_cve`
JOIN `gra_edo_cat` `i` ON `g`.`edo_cve`=`i`.`edo_cve`
JOIN `gra_per_gnr_cat` `j` ON `j`.`gnr_cve`=`e`.`gnr_cve`
WHERE `f`.`egr_sta_cve` = :f.egr_sta_cve:
AND `f`.`ter_sta_cve` = :f.ter_sta_cve:
ORDER BY `f`.`cur_ano` DESC, `d`.`esp_nom` DESC, `e`.`per_ap1` DESC, `e`.`per_ap2` DESC, `e`.`per_nom` DESC', [...], false)
 4 APPPATH\Models\egresadosModel.php(74): CodeIgniter\Database\BaseBuilder->get()
 5 APPPATH\Controllers\Egresados.php(60): App\Models\egresadosModel->obtenerPorCampos(null, null, null, null, null)
 6 SYSTEMPATH\CodeIgniter.php(933): App\Controllers\Egresados->obtenerFila()
 7 SYSTEMPATH\CodeIgniter.php(507): CodeIgniter\CodeIgniter->runController(Object(App\Controllers\Egresados))
 8 SYSTEMPATH\CodeIgniter.php(354): CodeIgniter\CodeIgniter->handleRequest(null, Object(Config\Cache), false)
 9 SYSTEMPATH\Boot.php(363): CodeIgniter\CodeIgniter->run()
10 SYSTEMPATH\Boot.php(68): CodeIgniter\Boot::runCodeIgniter(Object(CodeIgniter\CodeIgniter))
11 FCPATH\index.php(59): CodeIgniter\Boot::bootWeb(Object(Config\Paths))
CRITICAL - 2026-04-29 17:56:38 --> [Caused by] mysqli_sql_exception: Unknown column 'f.cur_ano+1' in 'field list'
in SYSTEMPATH\Database\MySQLi\Connection.php on line 327.
 1 SYSTEMPATH\Database\MySQLi\Connection.php(327): mysqli->query('SELECT `f`.`cur_ano+1` AS `ANO_EGRESO`, `b`.`mta_ctg_nom` AS `CATEGORIA`, trim(CONCAT(i.EDO_NOM, \' \', h.DEL_NOM)) AS DELEGACION, `d`.`esp_nom` as `ESPECIALIDAD`, case when d.esp_tip_cve=1 then \'DIRECTA\' ELSE \'RAMA\' END AS \'TIPO_ESPECIALIDAD\', `g`.`sde_nom` AS `SEDE`, `f`.`grd_num` AS `GRADO`, `e`.`curp`, `j`.`gnr_nom` AS `GENERO`, `e`.`per_ap1`, `e`.`per_ap2`, `e`.`per_nom`, `c`.`MTA_TIP_NOM` AS `TIPO`
FROM `srm_per_reg_arc` `a`
JOIN `srm_mta_ctg_cat` `b` ON `a`.`mta_ctg_cve`=`b`.`mta_ctg_cve`
JOIN `srm_mta_tip_cat` `c` ON `a`.`mta_tip_cve`=`c`.`mta_tip_cve`
JOIN `srm_esp_cat` `d` ON `a`.`esp_cve`=`d`.`esp_cve`
JOIN `gra_per_arc` `e` ON `a`.`PER_CVE`=`e`.`PER_CVE`
JOIN `srm_per_ads_arc1` `f` ON `a`.`reg_cve`=`f`.`reg_cve`
JOIN `gra_sde_cat` `g` ON `f`.`sde_cve`=`g`.`sde_cve`
JOIN `ims_del_cat` `h` ON `g`.`del_cve`=`h`.`del_cve`
JOIN `gra_edo_cat` `i` ON `g`.`edo_cve`=`i`.`edo_cve`
JOIN `gra_per_gnr_cat` `j` ON `j`.`gnr_cve`=`e`.`gnr_cve`
WHERE `f`.`egr_sta_cve` = 1
AND `f`.`ter_sta_cve` = 1
ORDER BY `f`.`cur_ano` DESC, `d`.`esp_nom` DESC, `e`.`per_ap1` DESC, `e`.`per_ap2` DESC, `e`.`per_nom` DESC', 0)
 2 SYSTEMPATH\Database\BaseConnection.php(729): CodeIgniter\Database\MySQLi\Connection->execute('SELECT `f`.`cur_ano+1` AS `ANO_EGRESO`, `b`.`mta_ctg_nom` AS `CATEGORIA`, trim(CONCAT(i.EDO_NOM, \' \', h.DEL_NOM)) AS DELEGACION, `d`.`esp_nom` as `ESPECIALIDAD`, case when d.esp_tip_cve=1 then \'DIRECTA\' ELSE \'RAMA\' END AS \'TIPO_ESPECIALIDAD\', `g`.`sde_nom` AS `SEDE`, `f`.`grd_num` AS `GRADO`, `e`.`curp`, `j`.`gnr_nom` AS `GENERO`, `e`.`per_ap1`, `e`.`per_ap2`, `e`.`per_nom`, `c`.`MTA_TIP_NOM` AS `TIPO`
FROM `srm_per_reg_arc` `a`
JOIN `srm_mta_ctg_cat` `b` ON `a`.`mta_ctg_cve`=`b`.`mta_ctg_cve`
JOIN `srm_mta_tip_cat` `c` ON `a`.`mta_tip_cve`=`c`.`mta_tip_cve`
JOIN `srm_esp_cat` `d` ON `a`.`esp_cve`=`d`.`esp_cve`
JOIN `gra_per_arc` `e` ON `a`.`PER_CVE`=`e`.`PER_CVE`
JOIN `srm_per_ads_arc1` `f` ON `a`.`reg_cve`=`f`.`reg_cve`
JOIN `gra_sde_cat` `g` ON `f`.`sde_cve`=`g`.`sde_cve`
JOIN `ims_del_cat` `h` ON `g`.`del_cve`=`h`.`del_cve`
JOIN `gra_edo_cat` `i` ON `g`.`edo_cve`=`i`.`edo_cve`
JOIN `gra_per_gnr_cat` `j` ON `j`.`gnr_cve`=`e`.`gnr_cve`
WHERE `f`.`egr_sta_cve` = 1
AND `f`.`ter_sta_cve` = 1
ORDER BY `f`.`cur_ano` DESC, `d`.`esp_nom` DESC, `e`.`per_ap1` DESC, `e`.`per_ap2` DESC, `e`.`per_nom` DESC')
 3 SYSTEMPATH\Database\BaseConnection.php(646): CodeIgniter\Database\BaseConnection->simpleQuery('SELECT `f`.`cur_ano+1` AS `ANO_EGRESO`, `b`.`mta_ctg_nom` AS `CATEGORIA`, trim(CONCAT(i.EDO_NOM, \' \', h.DEL_NOM)) AS DELEGACION, `d`.`esp_nom` as `ESPECIALIDAD`, case when d.esp_tip_cve=1 then \'DIRECTA\' ELSE \'RAMA\' END AS \'TIPO_ESPECIALIDAD\', `g`.`sde_nom` AS `SEDE`, `f`.`grd_num` AS `GRADO`, `e`.`curp`, `j`.`gnr_nom` AS `GENERO`, `e`.`per_ap1`, `e`.`per_ap2`, `e`.`per_nom`, `c`.`MTA_TIP_NOM` AS `TIPO`
FROM `srm_per_reg_arc` `a`
JOIN `srm_mta_ctg_cat` `b` ON `a`.`mta_ctg_cve`=`b`.`mta_ctg_cve`
JOIN `srm_mta_tip_cat` `c` ON `a`.`mta_tip_cve`=`c`.`mta_tip_cve`
JOIN `srm_esp_cat` `d` ON `a`.`esp_cve`=`d`.`esp_cve`
JOIN `gra_per_arc` `e` ON `a`.`PER_CVE`=`e`.`PER_CVE`
JOIN `srm_per_ads_arc1` `f` ON `a`.`reg_cve`=`f`.`reg_cve`
JOIN `gra_sde_cat` `g` ON `f`.`sde_cve`=`g`.`sde_cve`
JOIN `ims_del_cat` `h` ON `g`.`del_cve`=`h`.`del_cve`
JOIN `gra_edo_cat` `i` ON `g`.`edo_cve`=`i`.`edo_cve`
JOIN `gra_per_gnr_cat` `j` ON `j`.`gnr_cve`=`e`.`gnr_cve`
WHERE `f`.`egr_sta_cve` = 1
AND `f`.`ter_sta_cve` = 1
ORDER BY `f`.`cur_ano` DESC, `d`.`esp_nom` DESC, `e`.`per_ap1` DESC, `e`.`per_ap2` DESC, `e`.`per_nom` DESC')
 4 SYSTEMPATH\Database\BaseBuilder.php(1649): CodeIgniter\Database\BaseConnection->query('SELECT `f`.`cur_ano+1` AS `ANO_EGRESO`, `b`.`mta_ctg_nom` AS `CATEGORIA`, trim(CONCAT(i.EDO_NOM, \' \', h.DEL_NOM)) AS DELEGACION, `d`.`esp_nom` as `ESPECIALIDAD`, case when d.esp_tip_cve=1 then \'DIRECTA\' ELSE \'RAMA\' END AS \'TIPO_ESPECIALIDAD\', `g`.`sde_nom` AS `SEDE`, `f`.`grd_num` AS `GRADO`, `e`.`curp`, `j`.`gnr_nom` AS `GENERO`, `e`.`per_ap1`, `e`.`per_ap2`, `e`.`per_nom`, `c`.`MTA_TIP_NOM` AS `TIPO`
FROM `srm_per_reg_arc` `a`
JOIN `srm_mta_ctg_cat` `b` ON `a`.`mta_ctg_cve`=`b`.`mta_ctg_cve`
JOIN `srm_mta_tip_cat` `c` ON `a`.`mta_tip_cve`=`c`.`mta_tip_cve`
JOIN `srm_esp_cat` `d` ON `a`.`esp_cve`=`d`.`esp_cve`
JOIN `gra_per_arc` `e` ON `a`.`PER_CVE`=`e`.`PER_CVE`
JOIN `srm_per_ads_arc1` `f` ON `a`.`reg_cve`=`f`.`reg_cve`
JOIN `gra_sde_cat` `g` ON `f`.`sde_cve`=`g`.`sde_cve`
JOIN `ims_del_cat` `h` ON `g`.`del_cve`=`h`.`del_cve`
JOIN `gra_edo_cat` `i` ON `g`.`edo_cve`=`i`.`edo_cve`
JOIN `gra_per_gnr_cat` `j` ON `j`.`gnr_cve`=`e`.`gnr_cve`
WHERE `f`.`egr_sta_cve` = :f.egr_sta_cve:
AND `f`.`ter_sta_cve` = :f.ter_sta_cve:
ORDER BY `f`.`cur_ano` DESC, `d`.`esp_nom` DESC, `e`.`per_ap1` DESC, `e`.`per_ap2` DESC, `e`.`per_nom` DESC', [...], false)
 5 APPPATH\Models\egresadosModel.php(74): CodeIgniter\Database\BaseBuilder->get()
 6 APPPATH\Controllers\Egresados.php(60): App\Models\egresadosModel->obtenerPorCampos(null, null, null, null, null)
 7 SYSTEMPATH\CodeIgniter.php(933): App\Controllers\Egresados->obtenerFila()
 8 SYSTEMPATH\CodeIgniter.php(507): CodeIgniter\CodeIgniter->runController(Object(App\Controllers\Egresados))
 9 SYSTEMPATH\CodeIgniter.php(354): CodeIgniter\CodeIgniter->handleRequest(null, Object(Config\Cache), false)
10 SYSTEMPATH\Boot.php(363): CodeIgniter\CodeIgniter->run()
11 SYSTEMPATH\Boot.php(68): CodeIgniter\Boot::runCodeIgniter(Object(CodeIgniter\CodeIgniter))
12 FCPATH\index.php(59): CodeIgniter\Boot::bootWeb(Object(Config\Paths))
ERROR - 2026-04-29 18:02:52 --> mysqli_sql_exception: Unknown column 'f.cur_ano+1' in 'field list' in C:\xampp\htdocs\api_siices\system\Database\MySQLi\Connection.php:327
Stack trace:
#0 C:\xampp\htdocs\api_siices\system\Database\MySQLi\Connection.php(327): mysqli->query('SELECT `f`.`cur...', 0)
#1 C:\xampp\htdocs\api_siices\system\Database\BaseConnection.php(729): CodeIgniter\Database\MySQLi\Connection->execute('SELECT `f`.`cur...')
#2 C:\xampp\htdocs\api_siices\system\Database\BaseConnection.php(646): CodeIgniter\Database\BaseConnection->simpleQuery('SELECT `f`.`cur...')
#3 C:\xampp\htdocs\api_siices\system\Database\BaseBuilder.php(1649): CodeIgniter\Database\BaseConnection->query('SELECT `f`.`cur...', Array, false)
#4 C:\xampp\htdocs\api_siices\app\Models\egresadosModel.php(74): CodeIgniter\Database\BaseBuilder->get()
#5 C:\xampp\htdocs\api_siices\app\Controllers\Egresados.php(60): App\Models\egresadosModel->obtenerPorCampos(NULL, NULL, NULL, NULL, NULL)
#6 C:\xampp\htdocs\api_siices\system\CodeIgniter.php(933): App\Controllers\Egresados->obtenerFila()
#7 C:\xampp\htdocs\api_siices\system\CodeIgniter.php(507): CodeIgniter\CodeIgniter->runController(Object(App\Controllers\Egresados))
#8 C:\xampp\htdocs\api_siices\system\CodeIgniter.php(354): CodeIgniter\CodeIgniter->handleRequest(NULL, Object(Config\Cache), false)
#9 C:\xampp\htdocs\api_siices\system\Boot.php(363): CodeIgniter\CodeIgniter->run()
#10 C:\xampp\htdocs\api_siices\system\Boot.php(68): CodeIgniter\Boot::runCodeIgniter(Object(CodeIgniter\CodeIgniter))
#11 C:\xampp\htdocs\api_siices\public\index.php(59): CodeIgniter\Boot::bootWeb(Object(Config\Paths))
#12 {main}
CRITICAL - 2026-04-29 18:02:52 --> CodeIgniter\Database\Exceptions\DatabaseException: Unknown column 'f.cur_ano+1' in 'field list'
[Method: POST, Route: egresados/obtenerFila]
in SYSTEMPATH\Database\BaseConnection.php on line 684.
 1 SYSTEMPATH\Database\BaseBuilder.php(1649): CodeIgniter\Database\BaseConnection->query('SELECT `f`.`cur_ano+1` AS `ANO_EGRESO`, `b`.`mta_ctg_nom` AS `CATEGORIA`, trim(CONCAT(i.EDO_NOM, \' \', h.DEL_NOM)) AS DELEGACION, `d`.`esp_nom` as `ESPECIALIDAD`, case when d.esp_tip_cve=1 then \'DIRECTA\' ELSE \'RAMA\' END AS \'TIPO_ESPECIALIDAD\', `g`.`sde_nom` AS `SEDE`, `f`.`grd_num` AS `GRADO`, `e`.`curp`, `j`.`gnr_nom` AS `GENERO`, `e`.`per_ap1`, `e`.`per_ap2`, `e`.`per_nom`, `c`.`MTA_TIP_NOM` AS `TIPO`
FROM `srm_per_reg_arc` `a`
JOIN `srm_mta_ctg_cat` `b` ON `a`.`mta_ctg_cve`=`b`.`mta_ctg_cve`
JOIN `srm_mta_tip_cat` `c` ON `a`.`mta_tip_cve`=`c`.`mta_tip_cve`
JOIN `srm_esp_cat` `d` ON `a`.`esp_cve`=`d`.`esp_cve`
JOIN `gra_per_arc` `e` ON `a`.`PER_CVE`=`e`.`PER_CVE`
JOIN `srm_per_ads_arc1` `f` ON `a`.`reg_cve`=`f`.`reg_cve`
JOIN `gra_sde_cat` `g` ON `f`.`sde_cve`=`g`.`sde_cve`
JOIN `ims_del_cat` `h` ON `g`.`del_cve`=`h`.`del_cve`
JOIN `gra_edo_cat` `i` ON `g`.`edo_cve`=`i`.`edo_cve`
JOIN `gra_per_gnr_cat` `j` ON `j`.`gnr_cve`=`e`.`gnr_cve`
WHERE `f`.`egr_sta_cve` = :f.egr_sta_cve:
AND `f`.`ter_sta_cve` = :f.ter_sta_cve:
ORDER BY `f`.`cur_ano` DESC, `d`.`esp_nom` DESC, `e`.`per_ap1` DESC, `e`.`per_ap2` DESC, `e`.`per_nom` DESC', [...], false)
 2 APPPATH\Models\egresadosModel.php(74): CodeIgniter\Database\BaseBuilder->get()
 3 APPPATH\Controllers\Egresados.php(60): App\Models\egresadosModel->obtenerPorCampos(null, null, null, null, null)
 4 SYSTEMPATH\CodeIgniter.php(933): App\Controllers\Egresados->obtenerFila()
 5 SYSTEMPATH\CodeIgniter.php(507): CodeIgniter\CodeIgniter->runController(Object(App\Controllers\Egresados))
 6 SYSTEMPATH\CodeIgniter.php(354): CodeIgniter\CodeIgniter->handleRequest(null, Object(Config\Cache), false)
 7 SYSTEMPATH\Boot.php(363): CodeIgniter\CodeIgniter->run()
 8 SYSTEMPATH\Boot.php(68): CodeIgniter\Boot::runCodeIgniter(Object(CodeIgniter\CodeIgniter))
 9 FCPATH\index.php(59): CodeIgniter\Boot::bootWeb(Object(Config\Paths))
CRITICAL - 2026-04-29 18:02:52 --> [Caused by] CodeIgniter\Database\Exceptions\DatabaseException: Unknown column 'f.cur_ano+1' in 'field list'
in SYSTEMPATH\Database\MySQLi\Connection.php on line 332.
 1 SYSTEMPATH\Database\BaseConnection.php(729): CodeIgniter\Database\MySQLi\Connection->execute('SELECT `f`.`cur_ano+1` AS `ANO_EGRESO`, `b`.`mta_ctg_nom` AS `CATEGORIA`, trim(CONCAT(i.EDO_NOM, \' \', h.DEL_NOM)) AS DELEGACION, `d`.`esp_nom` as `ESPECIALIDAD`, case when d.esp_tip_cve=1 then \'DIRECTA\' ELSE \'RAMA\' END AS \'TIPO_ESPECIALIDAD\', `g`.`sde_nom` AS `SEDE`, `f`.`grd_num` AS `GRADO`, `e`.`curp`, `j`.`gnr_nom` AS `GENERO`, `e`.`per_ap1`, `e`.`per_ap2`, `e`.`per_nom`, `c`.`MTA_TIP_NOM` AS `TIPO`
FROM `srm_per_reg_arc` `a`
JOIN `srm_mta_ctg_cat` `b` ON `a`.`mta_ctg_cve`=`b`.`mta_ctg_cve`
JOIN `srm_mta_tip_cat` `c` ON `a`.`mta_tip_cve`=`c`.`mta_tip_cve`
JOIN `srm_esp_cat` `d` ON `a`.`esp_cve`=`d`.`esp_cve`
JOIN `gra_per_arc` `e` ON `a`.`PER_CVE`=`e`.`PER_CVE`
JOIN `srm_per_ads_arc1` `f` ON `a`.`reg_cve`=`f`.`reg_cve`
JOIN `gra_sde_cat` `g` ON `f`.`sde_cve`=`g`.`sde_cve`
JOIN `ims_del_cat` `h` ON `g`.`del_cve`=`h`.`del_cve`
JOIN `gra_edo_cat` `i` ON `g`.`edo_cve`=`i`.`edo_cve`
JOIN `gra_per_gnr_cat` `j` ON `j`.`gnr_cve`=`e`.`gnr_cve`
WHERE `f`.`egr_sta_cve` = 1
AND `f`.`ter_sta_cve` = 1
ORDER BY `f`.`cur_ano` DESC, `d`.`esp_nom` DESC, `e`.`per_ap1` DESC, `e`.`per_ap2` DESC, `e`.`per_nom` DESC')
 2 SYSTEMPATH\Database\BaseConnection.php(646): CodeIgniter\Database\BaseConnection->simpleQuery('SELECT `f`.`cur_ano+1` AS `ANO_EGRESO`, `b`.`mta_ctg_nom` AS `CATEGORIA`, trim(CONCAT(i.EDO_NOM, \' \', h.DEL_NOM)) AS DELEGACION, `d`.`esp_nom` as `ESPECIALIDAD`, case when d.esp_tip_cve=1 then \'DIRECTA\' ELSE \'RAMA\' END AS \'TIPO_ESPECIALIDAD\', `g`.`sde_nom` AS `SEDE`, `f`.`grd_num` AS `GRADO`, `e`.`curp`, `j`.`gnr_nom` AS `GENERO`, `e`.`per_ap1`, `e`.`per_ap2`, `e`.`per_nom`, `c`.`MTA_TIP_NOM` AS `TIPO`
FROM `srm_per_reg_arc` `a`
JOIN `srm_mta_ctg_cat` `b` ON `a`.`mta_ctg_cve`=`b`.`mta_ctg_cve`
JOIN `srm_mta_tip_cat` `c` ON `a`.`mta_tip_cve`=`c`.`mta_tip_cve`
JOIN `srm_esp_cat` `d` ON `a`.`esp_cve`=`d`.`esp_cve`
JOIN `gra_per_arc` `e` ON `a`.`PER_CVE`=`e`.`PER_CVE`
JOIN `srm_per_ads_arc1` `f` ON `a`.`reg_cve`=`f`.`reg_cve`
JOIN `gra_sde_cat` `g` ON `f`.`sde_cve`=`g`.`sde_cve`
JOIN `ims_del_cat` `h` ON `g`.`del_cve`=`h`.`del_cve`
JOIN `gra_edo_cat` `i` ON `g`.`edo_cve`=`i`.`edo_cve`
JOIN `gra_per_gnr_cat` `j` ON `j`.`gnr_cve`=`e`.`gnr_cve`
WHERE `f`.`egr_sta_cve` = 1
AND `f`.`ter_sta_cve` = 1
ORDER BY `f`.`cur_ano` DESC, `d`.`esp_nom` DESC, `e`.`per_ap1` DESC, `e`.`per_ap2` DESC, `e`.`per_nom` DESC')
 3 SYSTEMPATH\Database\BaseBuilder.php(1649): CodeIgniter\Database\BaseConnection->query('SELECT `f`.`cur_ano+1` AS `ANO_EGRESO`, `b`.`mta_ctg_nom` AS `CATEGORIA`, trim(CONCAT(i.EDO_NOM, \' \', h.DEL_NOM)) AS DELEGACION, `d`.`esp_nom` as `ESPECIALIDAD`, case when d.esp_tip_cve=1 then \'DIRECTA\' ELSE \'RAMA\' END AS \'TIPO_ESPECIALIDAD\', `g`.`sde_nom` AS `SEDE`, `f`.`grd_num` AS `GRADO`, `e`.`curp`, `j`.`gnr_nom` AS `GENERO`, `e`.`per_ap1`, `e`.`per_ap2`, `e`.`per_nom`, `c`.`MTA_TIP_NOM` AS `TIPO`
FROM `srm_per_reg_arc` `a`
JOIN `srm_mta_ctg_cat` `b` ON `a`.`mta_ctg_cve`=`b`.`mta_ctg_cve`
JOIN `srm_mta_tip_cat` `c` ON `a`.`mta_tip_cve`=`c`.`mta_tip_cve`
JOIN `srm_esp_cat` `d` ON `a`.`esp_cve`=`d`.`esp_cve`
JOIN `gra_per_arc` `e` ON `a`.`PER_CVE`=`e`.`PER_CVE`
JOIN `srm_per_ads_arc1` `f` ON `a`.`reg_cve`=`f`.`reg_cve`
JOIN `gra_sde_cat` `g` ON `f`.`sde_cve`=`g`.`sde_cve`
JOIN `ims_del_cat` `h` ON `g`.`del_cve`=`h`.`del_cve`
JOIN `gra_edo_cat` `i` ON `g`.`edo_cve`=`i`.`edo_cve`
JOIN `gra_per_gnr_cat` `j` ON `j`.`gnr_cve`=`e`.`gnr_cve`
WHERE `f`.`egr_sta_cve` = :f.egr_sta_cve:
AND `f`.`ter_sta_cve` = :f.ter_sta_cve:
ORDER BY `f`.`cur_ano` DESC, `d`.`esp_nom` DESC, `e`.`per_ap1` DESC, `e`.`per_ap2` DESC, `e`.`per_nom` DESC', [...], false)
 4 APPPATH\Models\egresadosModel.php(74): CodeIgniter\Database\BaseBuilder->get()
 5 APPPATH\Controllers\Egresados.php(60): App\Models\egresadosModel->obtenerPorCampos(null, null, null, null, null)
 6 SYSTEMPATH\CodeIgniter.php(933): App\Controllers\Egresados->obtenerFila()
 7 SYSTEMPATH\CodeIgniter.php(507): CodeIgniter\CodeIgniter->runController(Object(App\Controllers\Egresados))
 8 SYSTEMPATH\CodeIgniter.php(354): CodeIgniter\CodeIgniter->handleRequest(null, Object(Config\Cache), false)
 9 SYSTEMPATH\Boot.php(363): CodeIgniter\CodeIgniter->run()
10 SYSTEMPATH\Boot.php(68): CodeIgniter\Boot::runCodeIgniter(Object(CodeIgniter\CodeIgniter))
11 FCPATH\index.php(59): CodeIgniter\Boot::bootWeb(Object(Config\Paths))
CRITICAL - 2026-04-29 18:02:52 --> [Caused by] mysqli_sql_exception: Unknown column 'f.cur_ano+1' in 'field list'
in SYSTEMPATH\Database\MySQLi\Connection.php on line 327.
 1 SYSTEMPATH\Database\MySQLi\Connection.php(327): mysqli->query('SELECT `f`.`cur_ano+1` AS `ANO_EGRESO`, `b`.`mta_ctg_nom` AS `CATEGORIA`, trim(CONCAT(i.EDO_NOM, \' \', h.DEL_NOM)) AS DELEGACION, `d`.`esp_nom` as `ESPECIALIDAD`, case when d.esp_tip_cve=1 then \'DIRECTA\' ELSE \'RAMA\' END AS \'TIPO_ESPECIALIDAD\', `g`.`sde_nom` AS `SEDE`, `f`.`grd_num` AS `GRADO`, `e`.`curp`, `j`.`gnr_nom` AS `GENERO`, `e`.`per_ap1`, `e`.`per_ap2`, `e`.`per_nom`, `c`.`MTA_TIP_NOM` AS `TIPO`
FROM `srm_per_reg_arc` `a`
JOIN `srm_mta_ctg_cat` `b` ON `a`.`mta_ctg_cve`=`b`.`mta_ctg_cve`
JOIN `srm_mta_tip_cat` `c` ON `a`.`mta_tip_cve`=`c`.`mta_tip_cve`
JOIN `srm_esp_cat` `d` ON `a`.`esp_cve`=`d`.`esp_cve`
JOIN `gra_per_arc` `e` ON `a`.`PER_CVE`=`e`.`PER_CVE`
JOIN `srm_per_ads_arc1` `f` ON `a`.`reg_cve`=`f`.`reg_cve`
JOIN `gra_sde_cat` `g` ON `f`.`sde_cve`=`g`.`sde_cve`
JOIN `ims_del_cat` `h` ON `g`.`del_cve`=`h`.`del_cve`
JOIN `gra_edo_cat` `i` ON `g`.`edo_cve`=`i`.`edo_cve`
JOIN `gra_per_gnr_cat` `j` ON `j`.`gnr_cve`=`e`.`gnr_cve`
WHERE `f`.`egr_sta_cve` = 1
AND `f`.`ter_sta_cve` = 1
ORDER BY `f`.`cur_ano` DESC, `d`.`esp_nom` DESC, `e`.`per_ap1` DESC, `e`.`per_ap2` DESC, `e`.`per_nom` DESC', 0)
 2 SYSTEMPATH\Database\BaseConnection.php(729): CodeIgniter\Database\MySQLi\Connection->execute('SELECT `f`.`cur_ano+1` AS `ANO_EGRESO`, `b`.`mta_ctg_nom` AS `CATEGORIA`, trim(CONCAT(i.EDO_NOM, \' \', h.DEL_NOM)) AS DELEGACION, `d`.`esp_nom` as `ESPECIALIDAD`, case when d.esp_tip_cve=1 then \'DIRECTA\' ELSE \'RAMA\' END AS \'TIPO_ESPECIALIDAD\', `g`.`sde_nom` AS `SEDE`, `f`.`grd_num` AS `GRADO`, `e`.`curp`, `j`.`gnr_nom` AS `GENERO`, `e`.`per_ap1`, `e`.`per_ap2`, `e`.`per_nom`, `c`.`MTA_TIP_NOM` AS `TIPO`
FROM `srm_per_reg_arc` `a`
JOIN `srm_mta_ctg_cat` `b` ON `a`.`mta_ctg_cve`=`b`.`mta_ctg_cve`
JOIN `srm_mta_tip_cat` `c` ON `a`.`mta_tip_cve`=`c`.`mta_tip_cve`
JOIN `srm_esp_cat` `d` ON `a`.`esp_cve`=`d`.`esp_cve`
JOIN `gra_per_arc` `e` ON `a`.`PER_CVE`=`e`.`PER_CVE`
JOIN `srm_per_ads_arc1` `f` ON `a`.`reg_cve`=`f`.`reg_cve`
JOIN `gra_sde_cat` `g` ON `f`.`sde_cve`=`g`.`sde_cve`
JOIN `ims_del_cat` `h` ON `g`.`del_cve`=`h`.`del_cve`
JOIN `gra_edo_cat` `i` ON `g`.`edo_cve`=`i`.`edo_cve`
JOIN `gra_per_gnr_cat` `j` ON `j`.`gnr_cve`=`e`.`gnr_cve`
WHERE `f`.`egr_sta_cve` = 1
AND `f`.`ter_sta_cve` = 1
ORDER BY `f`.`cur_ano` DESC, `d`.`esp_nom` DESC, `e`.`per_ap1` DESC, `e`.`per_ap2` DESC, `e`.`per_nom` DESC')
 3 SYSTEMPATH\Database\BaseConnection.php(646): CodeIgniter\Database\BaseConnection->simpleQuery('SELECT `f`.`cur_ano+1` AS `ANO_EGRESO`, `b`.`mta_ctg_nom` AS `CATEGORIA`, trim(CONCAT(i.EDO_NOM, \' \', h.DEL_NOM)) AS DELEGACION, `d`.`esp_nom` as `ESPECIALIDAD`, case when d.esp_tip_cve=1 then \'DIRECTA\' ELSE \'RAMA\' END AS \'TIPO_ESPECIALIDAD\', `g`.`sde_nom` AS `SEDE`, `f`.`grd_num` AS `GRADO`, `e`.`curp`, `j`.`gnr_nom` AS `GENERO`, `e`.`per_ap1`, `e`.`per_ap2`, `e`.`per_nom`, `c`.`MTA_TIP_NOM` AS `TIPO`
FROM `srm_per_reg_arc` `a`
JOIN `srm_mta_ctg_cat` `b` ON `a`.`mta_ctg_cve`=`b`.`mta_ctg_cve`
JOIN `srm_mta_tip_cat` `c` ON `a`.`mta_tip_cve`=`c`.`mta_tip_cve`
JOIN `srm_esp_cat` `d` ON `a`.`esp_cve`=`d`.`esp_cve`
JOIN `gra_per_arc` `e` ON `a`.`PER_CVE`=`e`.`PER_CVE`
JOIN `srm_per_ads_arc1` `f` ON `a`.`reg_cve`=`f`.`reg_cve`
JOIN `gra_sde_cat` `g` ON `f`.`sde_cve`=`g`.`sde_cve`
JOIN `ims_del_cat` `h` ON `g`.`del_cve`=`h`.`del_cve`
JOIN `gra_edo_cat` `i` ON `g`.`edo_cve`=`i`.`edo_cve`
JOIN `gra_per_gnr_cat` `j` ON `j`.`gnr_cve`=`e`.`gnr_cve`
WHERE `f`.`egr_sta_cve` = 1
AND `f`.`ter_sta_cve` = 1
ORDER BY `f`.`cur_ano` DESC, `d`.`esp_nom` DESC, `e`.`per_ap1` DESC, `e`.`per_ap2` DESC, `e`.`per_nom` DESC')
 4 SYSTEMPATH\Database\BaseBuilder.php(1649): CodeIgniter\Database\BaseConnection->query('SELECT `f`.`cur_ano+1` AS `ANO_EGRESO`, `b`.`mta_ctg_nom` AS `CATEGORIA`, trim(CONCAT(i.EDO_NOM, \' \', h.DEL_NOM)) AS DELEGACION, `d`.`esp_nom` as `ESPECIALIDAD`, case when d.esp_tip_cve=1 then \'DIRECTA\' ELSE \'RAMA\' END AS \'TIPO_ESPECIALIDAD\', `g`.`sde_nom` AS `SEDE`, `f`.`grd_num` AS `GRADO`, `e`.`curp`, `j`.`gnr_nom` AS `GENERO`, `e`.`per_ap1`, `e`.`per_ap2`, `e`.`per_nom`, `c`.`MTA_TIP_NOM` AS `TIPO`
FROM `srm_per_reg_arc` `a`
JOIN `srm_mta_ctg_cat` `b` ON `a`.`mta_ctg_cve`=`b`.`mta_ctg_cve`
JOIN `srm_mta_tip_cat` `c` ON `a`.`mta_tip_cve`=`c`.`mta_tip_cve`
JOIN `srm_esp_cat` `d` ON `a`.`esp_cve`=`d`.`esp_cve`
JOIN `gra_per_arc` `e` ON `a`.`PER_CVE`=`e`.`PER_CVE`
JOIN `srm_per_ads_arc1` `f` ON `a`.`reg_cve`=`f`.`reg_cve`
JOIN `gra_sde_cat` `g` ON `f`.`sde_cve`=`g`.`sde_cve`
JOIN `ims_del_cat` `h` ON `g`.`del_cve`=`h`.`del_cve`
JOIN `gra_edo_cat` `i` ON `g`.`edo_cve`=`i`.`edo_cve`
JOIN `gra_per_gnr_cat` `j` ON `j`.`gnr_cve`=`e`.`gnr_cve`
WHERE `f`.`egr_sta_cve` = :f.egr_sta_cve:
AND `f`.`ter_sta_cve` = :f.ter_sta_cve:
ORDER BY `f`.`cur_ano` DESC, `d`.`esp_nom` DESC, `e`.`per_ap1` DESC, `e`.`per_ap2` DESC, `e`.`per_nom` DESC', [...], false)
 5 APPPATH\Models\egresadosModel.php(74): CodeIgniter\Database\BaseBuilder->get()
 6 APPPATH\Controllers\Egresados.php(60): App\Models\egresadosModel->obtenerPorCampos(null, null, null, null, null)
 7 SYSTEMPATH\CodeIgniter.php(933): App\Controllers\Egresados->obtenerFila()
 8 SYSTEMPATH\CodeIgniter.php(507): CodeIgniter\CodeIgniter->runController(Object(App\Controllers\Egresados))
 9 SYSTEMPATH\CodeIgniter.php(354): CodeIgniter\CodeIgniter->handleRequest(null, Object(Config\Cache), false)
10 SYSTEMPATH\Boot.php(363): CodeIgniter\CodeIgniter->run()
11 SYSTEMPATH\Boot.php(68): CodeIgniter\Boot::runCodeIgniter(Object(CodeIgniter\CodeIgniter))
12 FCPATH\index.php(59): CodeIgniter\Boot::bootWeb(Object(Config\Paths))
ERROR - 2026-04-29 18:05:22 --> mysqli_sql_exception: Unknown column 'f.cur_ano + 1' in 'field list' in C:\xampp\htdocs\api_siices\system\Database\MySQLi\Connection.php:327
Stack trace:
#0 C:\xampp\htdocs\api_siices\system\Database\MySQLi\Connection.php(327): mysqli->query('SELECT `f`.`cur...', 0)
#1 C:\xampp\htdocs\api_siices\system\Database\BaseConnection.php(729): CodeIgniter\Database\MySQLi\Connection->execute('SELECT `f`.`cur...')
#2 C:\xampp\htdocs\api_siices\system\Database\BaseConnection.php(646): CodeIgniter\Database\BaseConnection->simpleQuery('SELECT `f`.`cur...')
#3 C:\xampp\htdocs\api_siices\system\Database\BaseBuilder.php(1649): CodeIgniter\Database\BaseConnection->query('SELECT `f`.`cur...', Array, false)
#4 C:\xampp\htdocs\api_siices\app\Models\egresadosModel.php(74): CodeIgniter\Database\BaseBuilder->get()
#5 C:\xampp\htdocs\api_siices\app\Controllers\Egresados.php(60): App\Models\egresadosModel->obtenerPorCampos(NULL, NULL, NULL, NULL, NULL)
#6 C:\xampp\htdocs\api_siices\system\CodeIgniter.php(933): App\Controllers\Egresados->obtenerFila()
#7 C:\xampp\htdocs\api_siices\system\CodeIgniter.php(507): CodeIgniter\CodeIgniter->runController(Object(App\Controllers\Egresados))
#8 C:\xampp\htdocs\api_siices\system\CodeIgniter.php(354): CodeIgniter\CodeIgniter->handleRequest(NULL, Object(Config\Cache), false)
#9 C:\xampp\htdocs\api_siices\system\Boot.php(363): CodeIgniter\CodeIgniter->run()
#10 C:\xampp\htdocs\api_siices\system\Boot.php(68): CodeIgniter\Boot::runCodeIgniter(Object(CodeIgniter\CodeIgniter))
#11 C:\xampp\htdocs\api_siices\public\index.php(59): CodeIgniter\Boot::bootWeb(Object(Config\Paths))
#12 {main}
CRITICAL - 2026-04-29 18:05:22 --> CodeIgniter\Database\Exceptions\DatabaseException: Unknown column 'f.cur_ano + 1' in 'field list'
[Method: POST, Route: egresados/obtenerFila]
in SYSTEMPATH\Database\BaseConnection.php on line 684.
 1 SYSTEMPATH\Database\BaseBuilder.php(1649): CodeIgniter\Database\BaseConnection->query('SELECT `f`.`cur_ano + 1` AS `ANO_EGRESO`, `b`.`mta_ctg_nom` AS `CATEGORIA`, trim(CONCAT(i.EDO_NOM, \' \', h.DEL_NOM)) AS DELEGACION, `d`.`esp_nom` as `ESPECIALIDAD`, case when d.esp_tip_cve=1 then \'DIRECTA\' ELSE \'RAMA\' END AS \'TIPO_ESPECIALIDAD\', `g`.`sde_nom` AS `SEDE`, `f`.`grd_num` AS `GRADO`, `e`.`curp`, `j`.`gnr_nom` AS `GENERO`, `e`.`per_ap1`, `e`.`per_ap2`, `e`.`per_nom`, `c`.`MTA_TIP_NOM` AS `TIPO`
FROM `srm_per_reg_arc` `a`
JOIN `srm_mta_ctg_cat` `b` ON `a`.`mta_ctg_cve`=`b`.`mta_ctg_cve`
JOIN `srm_mta_tip_cat` `c` ON `a`.`mta_tip_cve`=`c`.`mta_tip_cve`
JOIN `srm_esp_cat` `d` ON `a`.`esp_cve`=`d`.`esp_cve`
JOIN `gra_per_arc` `e` ON `a`.`PER_CVE`=`e`.`PER_CVE`
JOIN `srm_per_ads_arc1` `f` ON `a`.`reg_cve`=`f`.`reg_cve`
JOIN `gra_sde_cat` `g` ON `f`.`sde_cve`=`g`.`sde_cve`
JOIN `ims_del_cat` `h` ON `g`.`del_cve`=`h`.`del_cve`
JOIN `gra_edo_cat` `i` ON `g`.`edo_cve`=`i`.`edo_cve`
JOIN `gra_per_gnr_cat` `j` ON `j`.`gnr_cve`=`e`.`gnr_cve`
WHERE `f`.`egr_sta_cve` = :f.egr_sta_cve:
AND `f`.`ter_sta_cve` = :f.ter_sta_cve:
ORDER BY `f`.`cur_ano` DESC, `d`.`esp_nom` DESC, `e`.`per_ap1` DESC, `e`.`per_ap2` DESC, `e`.`per_nom` DESC', [...], false)
 2 APPPATH\Models\egresadosModel.php(74): CodeIgniter\Database\BaseBuilder->get()
 3 APPPATH\Controllers\Egresados.php(60): App\Models\egresadosModel->obtenerPorCampos(null, null, null, null, null)
 4 SYSTEMPATH\CodeIgniter.php(933): App\Controllers\Egresados->obtenerFila()
 5 SYSTEMPATH\CodeIgniter.php(507): CodeIgniter\CodeIgniter->runController(Object(App\Controllers\Egresados))
 6 SYSTEMPATH\CodeIgniter.php(354): CodeIgniter\CodeIgniter->handleRequest(null, Object(Config\Cache), false)
 7 SYSTEMPATH\Boot.php(363): CodeIgniter\CodeIgniter->run()
 8 SYSTEMPATH\Boot.php(68): CodeIgniter\Boot::runCodeIgniter(Object(CodeIgniter\CodeIgniter))
 9 FCPATH\index.php(59): CodeIgniter\Boot::bootWeb(Object(Config\Paths))
CRITICAL - 2026-04-29 18:05:22 --> [Caused by] CodeIgniter\Database\Exceptions\DatabaseException: Unknown column 'f.cur_ano + 1' in 'field list'
in SYSTEMPATH\Database\MySQLi\Connection.php on line 332.
 1 SYSTEMPATH\Database\BaseConnection.php(729): CodeIgniter\Database\MySQLi\Connection->execute('SELECT `f`.`cur_ano + 1` AS `ANO_EGRESO`, `b`.`mta_ctg_nom` AS `CATEGORIA`, trim(CONCAT(i.EDO_NOM, \' \', h.DEL_NOM)) AS DELEGACION, `d`.`esp_nom` as `ESPECIALIDAD`, case when d.esp_tip_cve=1 then \'DIRECTA\' ELSE \'RAMA\' END AS \'TIPO_ESPECIALIDAD\', `g`.`sde_nom` AS `SEDE`, `f`.`grd_num` AS `GRADO`, `e`.`curp`, `j`.`gnr_nom` AS `GENERO`, `e`.`per_ap1`, `e`.`per_ap2`, `e`.`per_nom`, `c`.`MTA_TIP_NOM` AS `TIPO`
FROM `srm_per_reg_arc` `a`
JOIN `srm_mta_ctg_cat` `b` ON `a`.`mta_ctg_cve`=`b`.`mta_ctg_cve`
JOIN `srm_mta_tip_cat` `c` ON `a`.`mta_tip_cve`=`c`.`mta_tip_cve`
JOIN `srm_esp_cat` `d` ON `a`.`esp_cve`=`d`.`esp_cve`
JOIN `gra_per_arc` `e` ON `a`.`PER_CVE`=`e`.`PER_CVE`
JOIN `srm_per_ads_arc1` `f` ON `a`.`reg_cve`=`f`.`reg_cve`
JOIN `gra_sde_cat` `g` ON `f`.`sde_cve`=`g`.`sde_cve`
JOIN `ims_del_cat` `h` ON `g`.`del_cve`=`h`.`del_cve`
JOIN `gra_edo_cat` `i` ON `g`.`edo_cve`=`i`.`edo_cve`
JOIN `gra_per_gnr_cat` `j` ON `j`.`gnr_cve`=`e`.`gnr_cve`
WHERE `f`.`egr_sta_cve` = 1
AND `f`.`ter_sta_cve` = 1
ORDER BY `f`.`cur_ano` DESC, `d`.`esp_nom` DESC, `e`.`per_ap1` DESC, `e`.`per_ap2` DESC, `e`.`per_nom` DESC')
 2 SYSTEMPATH\Database\BaseConnection.php(646): CodeIgniter\Database\BaseConnection->simpleQuery('SELECT `f`.`cur_ano + 1` AS `ANO_EGRESO`, `b`.`mta_ctg_nom` AS `CATEGORIA`, trim(CONCAT(i.EDO_NOM, \' \', h.DEL_NOM)) AS DELEGACION, `d`.`esp_nom` as `ESPECIALIDAD`, case when d.esp_tip_cve=1 then \'DIRECTA\' ELSE \'RAMA\' END AS \'TIPO_ESPECIALIDAD\', `g`.`sde_nom` AS `SEDE`, `f`.`grd_num` AS `GRADO`, `e`.`curp`, `j`.`gnr_nom` AS `GENERO`, `e`.`per_ap1`, `e`.`per_ap2`, `e`.`per_nom`, `c`.`MTA_TIP_NOM` AS `TIPO`
FROM `srm_per_reg_arc` `a`
JOIN `srm_mta_ctg_cat` `b` ON `a`.`mta_ctg_cve`=`b`.`mta_ctg_cve`
JOIN `srm_mta_tip_cat` `c` ON `a`.`mta_tip_cve`=`c`.`mta_tip_cve`
JOIN `srm_esp_cat` `d` ON `a`.`esp_cve`=`d`.`esp_cve`
JOIN `gra_per_arc` `e` ON `a`.`PER_CVE`=`e`.`PER_CVE`
JOIN `srm_per_ads_arc1` `f` ON `a`.`reg_cve`=`f`.`reg_cve`
JOIN `gra_sde_cat` `g` ON `f`.`sde_cve`=`g`.`sde_cve`
JOIN `ims_del_cat` `h` ON `g`.`del_cve`=`h`.`del_cve`
JOIN `gra_edo_cat` `i` ON `g`.`edo_cve`=`i`.`edo_cve`
JOIN `gra_per_gnr_cat` `j` ON `j`.`gnr_cve`=`e`.`gnr_cve`
WHERE `f`.`egr_sta_cve` = 1
AND `f`.`ter_sta_cve` = 1
ORDER BY `f`.`cur_ano` DESC, `d`.`esp_nom` DESC, `e`.`per_ap1` DESC, `e`.`per_ap2` DESC, `e`.`per_nom` DESC')
 3 SYSTEMPATH\Database\BaseBuilder.php(1649): CodeIgniter\Database\BaseConnection->query('SELECT `f`.`cur_ano + 1` AS `ANO_EGRESO`, `b`.`mta_ctg_nom` AS `CATEGORIA`, trim(CONCAT(i.EDO_NOM, \' \', h.DEL_NOM)) AS DELEGACION, `d`.`esp_nom` as `ESPECIALIDAD`, case when d.esp_tip_cve=1 then \'DIRECTA\' ELSE \'RAMA\' END AS \'TIPO_ESPECIALIDAD\', `g`.`sde_nom` AS `SEDE`, `f`.`grd_num` AS `GRADO`, `e`.`curp`, `j`.`gnr_nom` AS `GENERO`, `e`.`per_ap1`, `e`.`per_ap2`, `e`.`per_nom`, `c`.`MTA_TIP_NOM` AS `TIPO`
FROM `srm_per_reg_arc` `a`
JOIN `srm_mta_ctg_cat` `b` ON `a`.`mta_ctg_cve`=`b`.`mta_ctg_cve`
JOIN `srm_mta_tip_cat` `c` ON `a`.`mta_tip_cve`=`c`.`mta_tip_cve`
JOIN `srm_esp_cat` `d` ON `a`.`esp_cve`=`d`.`esp_cve`
JOIN `gra_per_arc` `e` ON `a`.`PER_CVE`=`e`.`PER_CVE`
JOIN `srm_per_ads_arc1` `f` ON `a`.`reg_cve`=`f`.`reg_cve`
JOIN `gra_sde_cat` `g` ON `f`.`sde_cve`=`g`.`sde_cve`
JOIN `ims_del_cat` `h` ON `g`.`del_cve`=`h`.`del_cve`
JOIN `gra_edo_cat` `i` ON `g`.`edo_cve`=`i`.`edo_cve`
JOIN `gra_per_gnr_cat` `j` ON `j`.`gnr_cve`=`e`.`gnr_cve`
WHERE `f`.`egr_sta_cve` = :f.egr_sta_cve:
AND `f`.`ter_sta_cve` = :f.ter_sta_cve:
ORDER BY `f`.`cur_ano` DESC, `d`.`esp_nom` DESC, `e`.`per_ap1` DESC, `e`.`per_ap2` DESC, `e`.`per_nom` DESC', [...], false)
 4 APPPATH\Models\egresadosModel.php(74): CodeIgniter\Database\BaseBuilder->get()
 5 APPPATH\Controllers\Egresados.php(60): App\Models\egresadosModel->obtenerPorCampos(null, null, null, null, null)
 6 SYSTEMPATH\CodeIgniter.php(933): App\Controllers\Egresados->obtenerFila()
 7 SYSTEMPATH\CodeIgniter.php(507): CodeIgniter\CodeIgniter->runController(Object(App\Controllers\Egresados))
 8 SYSTEMPATH\CodeIgniter.php(354): CodeIgniter\CodeIgniter->handleRequest(null, Object(Config\Cache), false)
 9 SYSTEMPATH\Boot.php(363): CodeIgniter\CodeIgniter->run()
10 SYSTEMPATH\Boot.php(68): CodeIgniter\Boot::runCodeIgniter(Object(CodeIgniter\CodeIgniter))
11 FCPATH\index.php(59): CodeIgniter\Boot::bootWeb(Object(Config\Paths))
CRITICAL - 2026-04-29 18:05:22 --> [Caused by] mysqli_sql_exception: Unknown column 'f.cur_ano + 1' in 'field list'
in SYSTEMPATH\Database\MySQLi\Connection.php on line 327.
 1 SYSTEMPATH\Database\MySQLi\Connection.php(327): mysqli->query('SELECT `f`.`cur_ano + 1` AS `ANO_EGRESO`, `b`.`mta_ctg_nom` AS `CATEGORIA`, trim(CONCAT(i.EDO_NOM, \' \', h.DEL_NOM)) AS DELEGACION, `d`.`esp_nom` as `ESPECIALIDAD`, case when d.esp_tip_cve=1 then \'DIRECTA\' ELSE \'RAMA\' END AS \'TIPO_ESPECIALIDAD\', `g`.`sde_nom` AS `SEDE`, `f`.`grd_num` AS `GRADO`, `e`.`curp`, `j`.`gnr_nom` AS `GENERO`, `e`.`per_ap1`, `e`.`per_ap2`, `e`.`per_nom`, `c`.`MTA_TIP_NOM` AS `TIPO`
FROM `srm_per_reg_arc` `a`
JOIN `srm_mta_ctg_cat` `b` ON `a`.`mta_ctg_cve`=`b`.`mta_ctg_cve`
JOIN `srm_mta_tip_cat` `c` ON `a`.`mta_tip_cve`=`c`.`mta_tip_cve`
JOIN `srm_esp_cat` `d` ON `a`.`esp_cve`=`d`.`esp_cve`
JOIN `gra_per_arc` `e` ON `a`.`PER_CVE`=`e`.`PER_CVE`
JOIN `srm_per_ads_arc1` `f` ON `a`.`reg_cve`=`f`.`reg_cve`
JOIN `gra_sde_cat` `g` ON `f`.`sde_cve`=`g`.`sde_cve`
JOIN `ims_del_cat` `h` ON `g`.`del_cve`=`h`.`del_cve`
JOIN `gra_edo_cat` `i` ON `g`.`edo_cve`=`i`.`edo_cve`
JOIN `gra_per_gnr_cat` `j` ON `j`.`gnr_cve`=`e`.`gnr_cve`
WHERE `f`.`egr_sta_cve` = 1
AND `f`.`ter_sta_cve` = 1
ORDER BY `f`.`cur_ano` DESC, `d`.`esp_nom` DESC, `e`.`per_ap1` DESC, `e`.`per_ap2` DESC, `e`.`per_nom` DESC', 0)
 2 SYSTEMPATH\Database\BaseConnection.php(729): CodeIgniter\Database\MySQLi\Connection->execute('SELECT `f`.`cur_ano + 1` AS `ANO_EGRESO`, `b`.`mta_ctg_nom` AS `CATEGORIA`, trim(CONCAT(i.EDO_NOM, \' \', h.DEL_NOM)) AS DELEGACION, `d`.`esp_nom` as `ESPECIALIDAD`, case when d.esp_tip_cve=1 then \'DIRECTA\' ELSE \'RAMA\' END AS \'TIPO_ESPECIALIDAD\', `g`.`sde_nom` AS `SEDE`, `f`.`grd_num` AS `GRADO`, `e`.`curp`, `j`.`gnr_nom` AS `GENERO`, `e`.`per_ap1`, `e`.`per_ap2`, `e`.`per_nom`, `c`.`MTA_TIP_NOM` AS `TIPO`
FROM `srm_per_reg_arc` `a`
JOIN `srm_mta_ctg_cat` `b` ON `a`.`mta_ctg_cve`=`b`.`mta_ctg_cve`
JOIN `srm_mta_tip_cat` `c` ON `a`.`mta_tip_cve`=`c`.`mta_tip_cve`
JOIN `srm_esp_cat` `d` ON `a`.`esp_cve`=`d`.`esp_cve`
JOIN `gra_per_arc` `e` ON `a`.`PER_CVE`=`e`.`PER_CVE`
JOIN `srm_per_ads_arc1` `f` ON `a`.`reg_cve`=`f`.`reg_cve`
JOIN `gra_sde_cat` `g` ON `f`.`sde_cve`=`g`.`sde_cve`
JOIN `ims_del_cat` `h` ON `g`.`del_cve`=`h`.`del_cve`
JOIN `gra_edo_cat` `i` ON `g`.`edo_cve`=`i`.`edo_cve`
JOIN `gra_per_gnr_cat` `j` ON `j`.`gnr_cve`=`e`.`gnr_cve`
WHERE `f`.`egr_sta_cve` = 1
AND `f`.`ter_sta_cve` = 1
ORDER BY `f`.`cur_ano` DESC, `d`.`esp_nom` DESC, `e`.`per_ap1` DESC, `e`.`per_ap2` DESC, `e`.`per_nom` DESC')
 3 SYSTEMPATH\Database\BaseConnection.php(646): CodeIgniter\Database\BaseConnection->simpleQuery('SELECT `f`.`cur_ano + 1` AS `ANO_EGRESO`, `b`.`mta_ctg_nom` AS `CATEGORIA`, trim(CONCAT(i.EDO_NOM, \' \', h.DEL_NOM)) AS DELEGACION, `d`.`esp_nom` as `ESPECIALIDAD`, case when d.esp_tip_cve=1 then \'DIRECTA\' ELSE \'RAMA\' END AS \'TIPO_ESPECIALIDAD\', `g`.`sde_nom` AS `SEDE`, `f`.`grd_num` AS `GRADO`, `e`.`curp`, `j`.`gnr_nom` AS `GENERO`, `e`.`per_ap1`, `e`.`per_ap2`, `e`.`per_nom`, `c`.`MTA_TIP_NOM` AS `TIPO`
FROM `srm_per_reg_arc` `a`
JOIN `srm_mta_ctg_cat` `b` ON `a`.`mta_ctg_cve`=`b`.`mta_ctg_cve`
JOIN `srm_mta_tip_cat` `c` ON `a`.`mta_tip_cve`=`c`.`mta_tip_cve`
JOIN `srm_esp_cat` `d` ON `a`.`esp_cve`=`d`.`esp_cve`
JOIN `gra_per_arc` `e` ON `a`.`PER_CVE`=`e`.`PER_CVE`
JOIN `srm_per_ads_arc1` `f` ON `a`.`reg_cve`=`f`.`reg_cve`
JOIN `gra_sde_cat` `g` ON `f`.`sde_cve`=`g`.`sde_cve`
JOIN `ims_del_cat` `h` ON `g`.`del_cve`=`h`.`del_cve`
JOIN `gra_edo_cat` `i` ON `g`.`edo_cve`=`i`.`edo_cve`
JOIN `gra_per_gnr_cat` `j` ON `j`.`gnr_cve`=`e`.`gnr_cve`
WHERE `f`.`egr_sta_cve` = 1
AND `f`.`ter_sta_cve` = 1
ORDER BY `f`.`cur_ano` DESC, `d`.`esp_nom` DESC, `e`.`per_ap1` DESC, `e`.`per_ap2` DESC, `e`.`per_nom` DESC')
 4 SYSTEMPATH\Database\BaseBuilder.php(1649): CodeIgniter\Database\BaseConnection->query('SELECT `f`.`cur_ano + 1` AS `ANO_EGRESO`, `b`.`mta_ctg_nom` AS `CATEGORIA`, trim(CONCAT(i.EDO_NOM, \' \', h.DEL_NOM)) AS DELEGACION, `d`.`esp_nom` as `ESPECIALIDAD`, case when d.esp_tip_cve=1 then \'DIRECTA\' ELSE \'RAMA\' END AS \'TIPO_ESPECIALIDAD\', `g`.`sde_nom` AS `SEDE`, `f`.`grd_num` AS `GRADO`, `e`.`curp`, `j`.`gnr_nom` AS `GENERO`, `e`.`per_ap1`, `e`.`per_ap2`, `e`.`per_nom`, `c`.`MTA_TIP_NOM` AS `TIPO`
FROM `srm_per_reg_arc` `a`
JOIN `srm_mta_ctg_cat` `b` ON `a`.`mta_ctg_cve`=`b`.`mta_ctg_cve`
JOIN `srm_mta_tip_cat` `c` ON `a`.`mta_tip_cve`=`c`.`mta_tip_cve`
JOIN `srm_esp_cat` `d` ON `a`.`esp_cve`=`d`.`esp_cve`
JOIN `gra_per_arc` `e` ON `a`.`PER_CVE`=`e`.`PER_CVE`
JOIN `srm_per_ads_arc1` `f` ON `a`.`reg_cve`=`f`.`reg_cve`
JOIN `gra_sde_cat` `g` ON `f`.`sde_cve`=`g`.`sde_cve`
JOIN `ims_del_cat` `h` ON `g`.`del_cve`=`h`.`del_cve`
JOIN `gra_edo_cat` `i` ON `g`.`edo_cve`=`i`.`edo_cve`
JOIN `gra_per_gnr_cat` `j` ON `j`.`gnr_cve`=`e`.`gnr_cve`
WHERE `f`.`egr_sta_cve` = :f.egr_sta_cve:
AND `f`.`ter_sta_cve` = :f.ter_sta_cve:
ORDER BY `f`.`cur_ano` DESC, `d`.`esp_nom` DESC, `e`.`per_ap1` DESC, `e`.`per_ap2` DESC, `e`.`per_nom` DESC', [...], false)
 5 APPPATH\Models\egresadosModel.php(74): CodeIgniter\Database\BaseBuilder->get()
 6 APPPATH\Controllers\Egresados.php(60): App\Models\egresadosModel->obtenerPorCampos(null, null, null, null, null)
 7 SYSTEMPATH\CodeIgniter.php(933): App\Controllers\Egresados->obtenerFila()
 8 SYSTEMPATH\CodeIgniter.php(507): CodeIgniter\CodeIgniter->runController(Object(App\Controllers\Egresados))
 9 SYSTEMPATH\CodeIgniter.php(354): CodeIgniter\CodeIgniter->handleRequest(null, Object(Config\Cache), false)
10 SYSTEMPATH\Boot.php(363): CodeIgniter\CodeIgniter->run()
11 SYSTEMPATH\Boot.php(68): CodeIgniter\Boot::runCodeIgniter(Object(CodeIgniter\CodeIgniter))
12 FCPATH\index.php(59): CodeIgniter\Boot::bootWeb(Object(Config\Paths))
CRITICAL - 2026-04-29 18:28:26 --> CodeIgniter\Exceptions\InvalidArgumentException: whereIn() expects $values to be of type array or closure
[Method: POST, Route: activosPosgrado/obtenerFila]
in SYSTEMPATH\Database\BaseBuilder.php on line 964.
 1 SYSTEMPATH\Database\BaseBuilder.php(850): CodeIgniter\Database\BaseBuilder->_whereIn('a.pro_ano', '2025', false, 'AND ', null)
 2 APPPATH\Models\activosPosgradoModel.php(80): CodeIgniter\Database\BaseBuilder->whereIn('a.pro_ano', '2025')
 3 APPPATH\Controllers\ActivosPosgrado.php(60): App\Models\activosPosgradoModel->obtenerPorCampos('2025', 'CIFRHS - ENARM', 'AGUASCALIENTES', 'ANESTESIOLOGIA', 'MUJER')
 4 SYSTEMPATH\CodeIgniter.php(933): App\Controllers\ActivosPosgrado->obtenerFila()
 5 SYSTEMPATH\CodeIgniter.php(507): CodeIgniter\CodeIgniter->runController(Object(App\Controllers\ActivosPosgrado))
 6 SYSTEMPATH\CodeIgniter.php(354): CodeIgniter\CodeIgniter->handleRequest(null, Object(Config\Cache), false)
 7 SYSTEMPATH\Boot.php(363): CodeIgniter\CodeIgniter->run()
 8 SYSTEMPATH\Boot.php(68): CodeIgniter\Boot::runCodeIgniter(Object(CodeIgniter\CodeIgniter))
 9 FCPATH\index.php(59): CodeIgniter\Boot::bootWeb(Object(Config\Paths))
CRITICAL - 2026-04-29 18:30:46 --> CodeIgniter\HTTP\Exceptions\HTTPException: Failed to parse JSON string. Error: Syntax error
[Method: POST, Route: activosPosgrado/obtenerFila]
in SYSTEMPATH\HTTP\IncomingRequest.php on line 534.
 1 SYSTEMPATH\HTTP\IncomingRequest.php(534): CodeIgniter\HTTP\Exceptions\HTTPException::forInvalidJSON('Syntax error')
 2 APPPATH\Controllers\ActivosPosgrado.php(43): CodeIgniter\HTTP\IncomingRequest->getJSON(true)
 3 SYSTEMPATH\CodeIgniter.php(933): App\Controllers\ActivosPosgrado->obtenerFila()
 4 SYSTEMPATH\CodeIgniter.php(507): CodeIgniter\CodeIgniter->runController(Object(App\Controllers\ActivosPosgrado))
 5 SYSTEMPATH\CodeIgniter.php(354): CodeIgniter\CodeIgniter->handleRequest(null, Object(Config\Cache), false)
 6 SYSTEMPATH\Boot.php(363): CodeIgniter\CodeIgniter->run()
 7 SYSTEMPATH\Boot.php(68): CodeIgniter\Boot::runCodeIgniter(Object(CodeIgniter\CodeIgniter))
 8 FCPATH\index.php(59): CodeIgniter\Boot::bootWeb(Object(Config\Paths))
CRITICAL - 2026-04-29 18:31:06 --> CodeIgniter\HTTP\Exceptions\HTTPException: Failed to parse JSON string. Error: Syntax error
[Method: POST, Route: activosPosgrado/obtenerFila]
in SYSTEMPATH\HTTP\IncomingRequest.php on line 534.
 1 SYSTEMPATH\HTTP\IncomingRequest.php(534): CodeIgniter\HTTP\Exceptions\HTTPException::forInvalidJSON('Syntax error')
 2 APPPATH\Controllers\ActivosPosgrado.php(43): CodeIgniter\HTTP\IncomingRequest->getJSON(true)
 3 SYSTEMPATH\CodeIgniter.php(933): App\Controllers\ActivosPosgrado->obtenerFila()
 4 SYSTEMPATH\CodeIgniter.php(507): CodeIgniter\CodeIgniter->runController(Object(App\Controllers\ActivosPosgrado))
 5 SYSTEMPATH\CodeIgniter.php(354): CodeIgniter\CodeIgniter->handleRequest(null, Object(Config\Cache), false)
 6 SYSTEMPATH\Boot.php(363): CodeIgniter\CodeIgniter->run()
 7 SYSTEMPATH\Boot.php(68): CodeIgniter\Boot::runCodeIgniter(Object(CodeIgniter\CodeIgniter))
 8 FCPATH\index.php(59): CodeIgniter\Boot::bootWeb(Object(Config\Paths))
CRITICAL - 2026-04-29 18:33:49 --> TypeError: count(): Argument #1 ($value) must be of type Countable|array, null given
[Method: POST, Route: activosPosgrado/obtenerFila]
in APPPATH\Controllers\ActivosPosgrado.php on line 67.
 1 APPPATH\Controllers\ActivosPosgrado.php(67): count(null)
 2 SYSTEMPATH\CodeIgniter.php(933): App\Controllers\ActivosPosgrado->obtenerFila()
 3 SYSTEMPATH\CodeIgniter.php(507): CodeIgniter\CodeIgniter->runController(Object(App\Controllers\ActivosPosgrado))
 4 SYSTEMPATH\CodeIgniter.php(354): CodeIgniter\CodeIgniter->handleRequest(null, Object(Config\Cache), false)
 5 SYSTEMPATH\Boot.php(363): CodeIgniter\CodeIgniter->run()
 6 SYSTEMPATH\Boot.php(68): CodeIgniter\Boot::runCodeIgniter(Object(CodeIgniter\CodeIgniter))
 7 FCPATH\index.php(59): CodeIgniter\Boot::bootWeb(Object(Config\Paths))
CRITICAL - 2026-04-29 18:35:33 --> ErrorException: Array to string conversion
[Method: POST, Route: activosPosgrado/obtenerFila]
in APPPATH\Models\activosPosgradoModel.php on line 88.
 1 APPPATH\Models\activosPosgradoModel.php(88): CodeIgniter\Debug\Exceptions->errorHandler(2, 'Array to string conversion', 'C:\\xampp\\htdocs\\api_siices\\app\\Models\\activosPosgradoModel.php', 88)
 2 APPPATH\Controllers\ActivosPosgrado.php(60): App\Models\activosPosgradoModel->obtenerPorCampos([...], [...], [...], [...], [...])
 3 SYSTEMPATH\CodeIgniter.php(933): App\Controllers\ActivosPosgrado->obtenerFila()
 4 SYSTEMPATH\CodeIgniter.php(507): CodeIgniter\CodeIgniter->runController(Object(App\Controllers\ActivosPosgrado))
 5 SYSTEMPATH\CodeIgniter.php(354): CodeIgniter\CodeIgniter->handleRequest(null, Object(Config\Cache), false)
 6 SYSTEMPATH\Boot.php(363): CodeIgniter\CodeIgniter->run()
 7 SYSTEMPATH\Boot.php(68): CodeIgniter\Boot::runCodeIgniter(Object(CodeIgniter\CodeIgniter))
 8 FCPATH\index.php(59): CodeIgniter\Boot::bootWeb(Object(Config\Paths))
ERROR - 2026-04-29 18:39:34 --> mysqli_sql_exception: Unknown column 'AGUASCALIENTES' in 'where clause' in C:\xampp\htdocs\api_siices\system\Database\MySQLi\Connection.php:327
Stack trace:
#0 C:\xampp\htdocs\api_siices\system\Database\MySQLi\Connection.php(327): mysqli->query('SELECT `a`.`pro...', 0)
#1 C:\xampp\htdocs\api_siices\system\Database\BaseConnection.php(729): CodeIgniter\Database\MySQLi\Connection->execute('SELECT `a`.`pro...')
#2 C:\xampp\htdocs\api_siices\system\Database\BaseConnection.php(646): CodeIgniter\Database\BaseConnection->simpleQuery('SELECT `a`.`pro...')
#3 C:\xampp\htdocs\api_siices\system\Database\BaseBuilder.php(1649): CodeIgniter\Database\BaseConnection->query('SELECT `a`.`pro...', Array, false)
#4 C:\xampp\htdocs\api_siices\app\Models\activosPosgradoModel.php(120): CodeIgniter\Database\BaseBuilder->get()
#5 C:\xampp\htdocs\api_siices\app\Controllers\ActivosPosgrado.php(60): App\Models\activosPosgradoModel->obtenerPorCampos(Array, Array, Array, Array, Array)
#6 C:\xampp\htdocs\api_siices\system\CodeIgniter.php(933): App\Controllers\ActivosPosgrado->obtenerFila()
#7 C:\xampp\htdocs\api_siices\system\CodeIgniter.php(507): CodeIgniter\CodeIgniter->runController(Object(App\Controllers\ActivosPosgrado))
#8 C:\xampp\htdocs\api_siices\system\CodeIgniter.php(354): CodeIgniter\CodeIgniter->handleRequest(NULL, Object(Config\Cache), false)
#9 C:\xampp\htdocs\api_siices\system\Boot.php(363): CodeIgniter\CodeIgniter->run()
#10 C:\xampp\htdocs\api_siices\system\Boot.php(68): CodeIgniter\Boot::runCodeIgniter(Object(CodeIgniter\CodeIgniter))
#11 C:\xampp\htdocs\api_siices\public\index.php(59): CodeIgniter\Boot::bootWeb(Object(Config\Paths))
#12 {main}
CRITICAL - 2026-04-29 18:39:34 --> CodeIgniter\Database\Exceptions\DatabaseException: Unknown column 'AGUASCALIENTES' in 'where clause'
[Method: POST, Route: activosPosgrado/obtenerFila]
in SYSTEMPATH\Database\BaseConnection.php on line 684.
 1 SYSTEMPATH\Database\BaseBuilder.php(1649): CodeIgniter\Database\BaseConnection->query('SELECT `a`.`pro_ano`, `f`.`mta_ctg_nom` AS `categoria`, TRIM(CONCAT(i.edo_nom, \' \', h.del_nom)) AS DELEGACION, CASE WHEN d.esp_tip_cve=1 THEN \'DIRECTA\' ELSE \'RAMA\' END AS TIPO_ESPECIALIDAD, `f`.`esp_nom` AS `ESPECIALIDAD`, `g`.`clues` AS `CLUES`, `g`.`sde_nom` AS `SEDE_ACADEMICA`, `g`.`hsp_niv_cve` AS `NIVEL_DE_ATENCION`, CASE WHEN g.hsp_niv_cve=3 THEN \'UMAE\' ELSE \'DELEGACION\' END AS DELEGACION_UMAE, `f`.`grd_num` AS `GRADO`, `f`.`curp` AS `CURP`, `m`.`gnr_nom` AS `GENERO`, `f`.`reg_cve` AS `FOLIO_IMSS`, `f`.`per_ap1` AS `AP_PATERNO`, `f`.`per_ap2` AS `AP_MATERNO`, `f`.`per_nom` AS `NOMBRE`, `c`.`mta_tip_ali` AS `TIPO`, `t`.`pai_ncn_nom` AS `NACIONALIDAD`, CASE WHEN eml_url IS NULL THEN CONCAT(j.eml_ali, \'@\', k.eml_dmn_nom) ELSE eml_url END AS CORREO, `l`.`tel_ext_num` AS `CELULAR`, `q`.`sde_nom` AS `SEDE`, `r`.`sde_nom` AS `SUBSEDE`, `w`.`aval_nom` AS `AVAL_ACADEMICO`, `z`.`ims_mat` AS `MATRICULA`, `u`.`IMS_CNT_TIP_NOM` AS `CONTRATACION`, `a`.`vlt_num` AS `VUELTA`, `v`.`edo_nom` AS `EDO_NACIMIENTO`, CASE WHEN n.cup_ocu_aud=99 THEN \'se queda en subsede ciclo 2021\' ELSE \'\' END AS NOTA
FROM `srm_per_reg_arc` `a`
JOIN `srm_mta_tip_cat` `c` ON `a`.`mta_tip_cve` = `c`.`mta_tip_cve`
JOIN `srm_esp_cat` `d` ON `a`.`esp_cve`=`d`.`esp_cve`
JOIN `srm_reg_ads_vis` `f` ON `a`.`reg_cve`=`f`.`reg_cve`
JOIN `gra_sde_cat` `g` ON `f`.`sde_cve`=`g`.`sde_cve`
JOIN `ims_del_cat` `h` ON `g`.`del_cve`=`h`.`del_cve`
JOIN `gra_edo_cat` `i` ON `h`.`edo_cve`=`i`.`edo_cve`
LEFT JOIN `gra_per_eml_arc` `j` ON `a`.`curp`=`j`.`curp`
LEFT JOIN `gra_eml_dmn_cat` `k` ON `j`.`eml_dmn_cve`=`k`.`eml_dmn_cve`
LEFT JOIN `gra_per_tel_num_arc` `l` ON `l`.`curp`=`a`.`curp` and `l`.`uso_tip_cve`=1
JOIN `gra_per_gnr_cat` `m` ON `m`.`gnr_cve`=`f`.`gnr_cve`
JOIN `srm_mta_prg_arc` `n` ON `n`.`mta_cve`=`f`.`mta_cve`
JOIN `srm_cur_prg_arc` `o` ON `o`.`mta_cve` = `n`.`mta_cve` AND `o`.`sde_tip_cve` = 1
JOIN `srm_cur_prg_arc` `p` ON `p`.`mta_cve`=`n`.`mta_cve` AND `p`.`sde_tip_cve`=2
JOIN `gra_sde_cat` `q` ON `q`.`sde_cve`=`o`.`sde_cve`
JOIN `gra_sde_cat` `r` ON `r`.`sde_cve`=`p`.`sde_cve`
JOIN `gra_per_ncn_arc` `s` ON `f`.`per_cve`=`s`.`per_cve`
JOIN `gra_pai_cat` `t` ON `t`.`pai_cve`=`s`.`pai_cve`
JOIN `gra_edo_cat` `v` ON `v`.`edo_cve`=`s`.`edo_cve`
JOIN `srm_per_aval_arc` `w` ON `w`.`ads_cve`=`f`.`ads_cve`
LEFT JOIN `ims_per_nom_arc` `z` ON `z`.`curp`=`a`.`curp`
LEFT JOIN `ims_cnt_tip_cat` `u` ON `u`.`ims_cnt_tip_cve`=`z`.`ims_cnt_tip_cve`
WHERE `f`.`grd_num` != :f.grd_num:
AND `j`.`eml_tip_cve` = :j.eml_tip_cve:
AND `a`.`pro_ano` IN :a.pro_ano:
AND `f`.`mta_ctg_nom` IN :f.mta_ctg_nom:
AND TRIM(CONCAT(i.edo_nom, \' \', h.del_nom)) IN :TRIM(CONCAT(i.edo_nom, \' \', h.del_nom)):
AND `f`.`esp_nom` IN :f.esp_nom:
AND `m`.`gnr_nom` IN :m.gnr_nom:
ORDER BY `i`.`edo_cve` DESC, `i`.`edo_nom` DESC, `h`.`del_cve` DESC, `h`.`del_nom` DESC, `f`.`esp_nom` DESC, `g`.`sde_nom` DESC, `f`.`grd_num` DESC, `f`.`per_ap1` DESC, `f`.`per_ap2` DESC, `f`.`per_nom` DESC, `c`.`mta_tip_nom` DESC', [...], false)
 2 APPPATH\Models\activosPosgradoModel.php(120): CodeIgniter\Database\BaseBuilder->get()
 3 APPPATH\Controllers\ActivosPosgrado.php(60): App\Models\activosPosgradoModel->obtenerPorCampos([...], [...], [...], [...], [...])
 4 SYSTEMPATH\CodeIgniter.php(933): App\Controllers\ActivosPosgrado->obtenerFila()
 5 SYSTEMPATH\CodeIgniter.php(507): CodeIgniter\CodeIgniter->runController(Object(App\Controllers\ActivosPosgrado))
 6 SYSTEMPATH\CodeIgniter.php(354): CodeIgniter\CodeIgniter->handleRequest(null, Object(Config\Cache), false)
 7 SYSTEMPATH\Boot.php(363): CodeIgniter\CodeIgniter->run()
 8 SYSTEMPATH\Boot.php(68): CodeIgniter\Boot::runCodeIgniter(Object(CodeIgniter\CodeIgniter))
 9 FCPATH\index.php(59): CodeIgniter\Boot::bootWeb(Object(Config\Paths))
CRITICAL - 2026-04-29 18:39:34 --> [Caused by] CodeIgniter\Database\Exceptions\DatabaseException: Unknown column 'AGUASCALIENTES' in 'where clause'
in SYSTEMPATH\Database\MySQLi\Connection.php on line 332.
 1 SYSTEMPATH\Database\BaseConnection.php(729): CodeIgniter\Database\MySQLi\Connection->execute('SELECT `a`.`pro_ano`, `f`.`mta_ctg_nom` AS `categoria`, TRIM(CONCAT(i.edo_nom, \' \', h.del_nom)) AS DELEGACION, CASE WHEN d.esp_tip_cve=1 THEN \'DIRECTA\' ELSE \'RAMA\' END AS TIPO_ESPECIALIDAD, `f`.`esp_nom` AS `ESPECIALIDAD`, `g`.`clues` AS `CLUES`, `g`.`sde_nom` AS `SEDE_ACADEMICA`, `g`.`hsp_niv_cve` AS `NIVEL_DE_ATENCION`, CASE WHEN g.hsp_niv_cve=3 THEN \'UMAE\' ELSE \'DELEGACION\' END AS DELEGACION_UMAE, `f`.`grd_num` AS `GRADO`, `f`.`curp` AS `CURP`, `m`.`gnr_nom` AS `GENERO`, `f`.`reg_cve` AS `FOLIO_IMSS`, `f`.`per_ap1` AS `AP_PATERNO`, `f`.`per_ap2` AS `AP_MATERNO`, `f`.`per_nom` AS `NOMBRE`, `c`.`mta_tip_ali` AS `TIPO`, `t`.`pai_ncn_nom` AS `NACIONALIDAD`, CASE WHEN eml_url IS NULL THEN CONCAT(j.eml_ali, \'@\', k.eml_dmn_nom) ELSE eml_url END AS CORREO, `l`.`tel_ext_num` AS `CELULAR`, `q`.`sde_nom` AS `SEDE`, `r`.`sde_nom` AS `SUBSEDE`, `w`.`aval_nom` AS `AVAL_ACADEMICO`, `z`.`ims_mat` AS `MATRICULA`, `u`.`IMS_CNT_TIP_NOM` AS `CONTRATACION`, `a`.`vlt_num` AS `VUELTA`, `v`.`edo_nom` AS `EDO_NACIMIENTO`, CASE WHEN n.cup_ocu_aud=99 THEN \'se queda en subsede ciclo 2021\' ELSE \'\' END AS NOTA
FROM `srm_per_reg_arc` `a`
JOIN `srm_mta_tip_cat` `c` ON `a`.`mta_tip_cve` = `c`.`mta_tip_cve`
JOIN `srm_esp_cat` `d` ON `a`.`esp_cve`=`d`.`esp_cve`
JOIN `srm_reg_ads_vis` `f` ON `a`.`reg_cve`=`f`.`reg_cve`
JOIN `gra_sde_cat` `g` ON `f`.`sde_cve`=`g`.`sde_cve`
JOIN `ims_del_cat` `h` ON `g`.`del_cve`=`h`.`del_cve`
JOIN `gra_edo_cat` `i` ON `h`.`edo_cve`=`i`.`edo_cve`
LEFT JOIN `gra_per_eml_arc` `j` ON `a`.`curp`=`j`.`curp`
LEFT JOIN `gra_eml_dmn_cat` `k` ON `j`.`eml_dmn_cve`=`k`.`eml_dmn_cve`
LEFT JOIN `gra_per_tel_num_arc` `l` ON `l`.`curp`=`a`.`curp` and `l`.`uso_tip_cve`=1
JOIN `gra_per_gnr_cat` `m` ON `m`.`gnr_cve`=`f`.`gnr_cve`
JOIN `srm_mta_prg_arc` `n` ON `n`.`mta_cve`=`f`.`mta_cve`
JOIN `srm_cur_prg_arc` `o` ON `o`.`mta_cve` = `n`.`mta_cve` AND `o`.`sde_tip_cve` = 1
JOIN `srm_cur_prg_arc` `p` ON `p`.`mta_cve`=`n`.`mta_cve` AND `p`.`sde_tip_cve`=2
JOIN `gra_sde_cat` `q` ON `q`.`sde_cve`=`o`.`sde_cve`
JOIN `gra_sde_cat` `r` ON `r`.`sde_cve`=`p`.`sde_cve`
JOIN `gra_per_ncn_arc` `s` ON `f`.`per_cve`=`s`.`per_cve`
JOIN `gra_pai_cat` `t` ON `t`.`pai_cve`=`s`.`pai_cve`
JOIN `gra_edo_cat` `v` ON `v`.`edo_cve`=`s`.`edo_cve`
JOIN `srm_per_aval_arc` `w` ON `w`.`ads_cve`=`f`.`ads_cve`
LEFT JOIN `ims_per_nom_arc` `z` ON `z`.`curp`=`a`.`curp`
LEFT JOIN `ims_cnt_tip_cat` `u` ON `u`.`ims_cnt_tip_cve`=`z`.`ims_cnt_tip_cve`
WHERE `f`.`grd_num` != 0
AND `j`.`eml_tip_cve` = 1
AND `a`.`pro_ano` IN (2025)
AND `f`.`mta_ctg_nom` IN (\'CIFRHS - ENARM\')
AND TRIM(CONCAT(i.edo_nom, \' \', h.del_nom)) IN (AGUASCALIENTES)
AND `f`.`esp_nom` IN (\'ANESTESIOLOGIA\')
AND `m`.`gnr_nom` IN (\'MUJER\')
ORDER BY `i`.`edo_cve` DESC, `i`.`edo_nom` DESC, `h`.`del_cve` DESC, `h`.`del_nom` DESC, `f`.`esp_nom` DESC, `g`.`sde_nom` DESC, `f`.`grd_num` DESC, `f`.`per_ap1` DESC, `f`.`per_ap2` DESC, `f`.`per_nom` DESC, `c`.`mta_tip_nom` DESC')
 2 SYSTEMPATH\Database\BaseConnection.php(646): CodeIgniter\Database\BaseConnection->simpleQuery('SELECT `a`.`pro_ano`, `f`.`mta_ctg_nom` AS `categoria`, TRIM(CONCAT(i.edo_nom, \' \', h.del_nom)) AS DELEGACION, CASE WHEN d.esp_tip_cve=1 THEN \'DIRECTA\' ELSE \'RAMA\' END AS TIPO_ESPECIALIDAD, `f`.`esp_nom` AS `ESPECIALIDAD`, `g`.`clues` AS `CLUES`, `g`.`sde_nom` AS `SEDE_ACADEMICA`, `g`.`hsp_niv_cve` AS `NIVEL_DE_ATENCION`, CASE WHEN g.hsp_niv_cve=3 THEN \'UMAE\' ELSE \'DELEGACION\' END AS DELEGACION_UMAE, `f`.`grd_num` AS `GRADO`, `f`.`curp` AS `CURP`, `m`.`gnr_nom` AS `GENERO`, `f`.`reg_cve` AS `FOLIO_IMSS`, `f`.`per_ap1` AS `AP_PATERNO`, `f`.`per_ap2` AS `AP_MATERNO`, `f`.`per_nom` AS `NOMBRE`, `c`.`mta_tip_ali` AS `TIPO`, `t`.`pai_ncn_nom` AS `NACIONALIDAD`, CASE WHEN eml_url IS NULL THEN CONCAT(j.eml_ali, \'@\', k.eml_dmn_nom) ELSE eml_url END AS CORREO, `l`.`tel_ext_num` AS `CELULAR`, `q`.`sde_nom` AS `SEDE`, `r`.`sde_nom` AS `SUBSEDE`, `w`.`aval_nom` AS `AVAL_ACADEMICO`, `z`.`ims_mat` AS `MATRICULA`, `u`.`IMS_CNT_TIP_NOM` AS `CONTRATACION`, `a`.`vlt_num` AS `VUELTA`, `v`.`edo_nom` AS `EDO_NACIMIENTO`, CASE WHEN n.cup_ocu_aud=99 THEN \'se queda en subsede ciclo 2021\' ELSE \'\' END AS NOTA
FROM `srm_per_reg_arc` `a`
JOIN `srm_mta_tip_cat` `c` ON `a`.`mta_tip_cve` = `c`.`mta_tip_cve`
JOIN `srm_esp_cat` `d` ON `a`.`esp_cve`=`d`.`esp_cve`
JOIN `srm_reg_ads_vis` `f` ON `a`.`reg_cve`=`f`.`reg_cve`
JOIN `gra_sde_cat` `g` ON `f`.`sde_cve`=`g`.`sde_cve`
JOIN `ims_del_cat` `h` ON `g`.`del_cve`=`h`.`del_cve`
JOIN `gra_edo_cat` `i` ON `h`.`edo_cve`=`i`.`edo_cve`
LEFT JOIN `gra_per_eml_arc` `j` ON `a`.`curp`=`j`.`curp`
LEFT JOIN `gra_eml_dmn_cat` `k` ON `j`.`eml_dmn_cve`=`k`.`eml_dmn_cve`
LEFT JOIN `gra_per_tel_num_arc` `l` ON `l`.`curp`=`a`.`curp` and `l`.`uso_tip_cve`=1
JOIN `gra_per_gnr_cat` `m` ON `m`.`gnr_cve`=`f`.`gnr_cve`
JOIN `srm_mta_prg_arc` `n` ON `n`.`mta_cve`=`f`.`mta_cve`
JOIN `srm_cur_prg_arc` `o` ON `o`.`mta_cve` = `n`.`mta_cve` AND `o`.`sde_tip_cve` = 1
JOIN `srm_cur_prg_arc` `p` ON `p`.`mta_cve`=`n`.`mta_cve` AND `p`.`sde_tip_cve`=2
JOIN `gra_sde_cat` `q` ON `q`.`sde_cve`=`o`.`sde_cve`
JOIN `gra_sde_cat` `r` ON `r`.`sde_cve`=`p`.`sde_cve`
JOIN `gra_per_ncn_arc` `s` ON `f`.`per_cve`=`s`.`per_cve`
JOIN `gra_pai_cat` `t` ON `t`.`pai_cve`=`s`.`pai_cve`
JOIN `gra_edo_cat` `v` ON `v`.`edo_cve`=`s`.`edo_cve`
JOIN `srm_per_aval_arc` `w` ON `w`.`ads_cve`=`f`.`ads_cve`
LEFT JOIN `ims_per_nom_arc` `z` ON `z`.`curp`=`a`.`curp`
LEFT JOIN `ims_cnt_tip_cat` `u` ON `u`.`ims_cnt_tip_cve`=`z`.`ims_cnt_tip_cve`
WHERE `f`.`grd_num` != 0
AND `j`.`eml_tip_cve` = 1
AND `a`.`pro_ano` IN (2025)
AND `f`.`mta_ctg_nom` IN (\'CIFRHS - ENARM\')
AND TRIM(CONCAT(i.edo_nom, \' \', h.del_nom)) IN (AGUASCALIENTES)
AND `f`.`esp_nom` IN (\'ANESTESIOLOGIA\')
AND `m`.`gnr_nom` IN (\'MUJER\')
ORDER BY `i`.`edo_cve` DESC, `i`.`edo_nom` DESC, `h`.`del_cve` DESC, `h`.`del_nom` DESC, `f`.`esp_nom` DESC, `g`.`sde_nom` DESC, `f`.`grd_num` DESC, `f`.`per_ap1` DESC, `f`.`per_ap2` DESC, `f`.`per_nom` DESC, `c`.`mta_tip_nom` DESC')
 3 SYSTEMPATH\Database\BaseBuilder.php(1649): CodeIgniter\Database\BaseConnection->query('SELECT `a`.`pro_ano`, `f`.`mta_ctg_nom` AS `categoria`, TRIM(CONCAT(i.edo_nom, \' \', h.del_nom)) AS DELEGACION, CASE WHEN d.esp_tip_cve=1 THEN \'DIRECTA\' ELSE \'RAMA\' END AS TIPO_ESPECIALIDAD, `f`.`esp_nom` AS `ESPECIALIDAD`, `g`.`clues` AS `CLUES`, `g`.`sde_nom` AS `SEDE_ACADEMICA`, `g`.`hsp_niv_cve` AS `NIVEL_DE_ATENCION`, CASE WHEN g.hsp_niv_cve=3 THEN \'UMAE\' ELSE \'DELEGACION\' END AS DELEGACION_UMAE, `f`.`grd_num` AS `GRADO`, `f`.`curp` AS `CURP`, `m`.`gnr_nom` AS `GENERO`, `f`.`reg_cve` AS `FOLIO_IMSS`, `f`.`per_ap1` AS `AP_PATERNO`, `f`.`per_ap2` AS `AP_MATERNO`, `f`.`per_nom` AS `NOMBRE`, `c`.`mta_tip_ali` AS `TIPO`, `t`.`pai_ncn_nom` AS `NACIONALIDAD`, CASE WHEN eml_url IS NULL THEN CONCAT(j.eml_ali, \'@\', k.eml_dmn_nom) ELSE eml_url END AS CORREO, `l`.`tel_ext_num` AS `CELULAR`, `q`.`sde_nom` AS `SEDE`, `r`.`sde_nom` AS `SUBSEDE`, `w`.`aval_nom` AS `AVAL_ACADEMICO`, `z`.`ims_mat` AS `MATRICULA`, `u`.`IMS_CNT_TIP_NOM` AS `CONTRATACION`, `a`.`vlt_num` AS `VUELTA`, `v`.`edo_nom` AS `EDO_NACIMIENTO`, CASE WHEN n.cup_ocu_aud=99 THEN \'se queda en subsede ciclo 2021\' ELSE \'\' END AS NOTA
FROM `srm_per_reg_arc` `a`
JOIN `srm_mta_tip_cat` `c` ON `a`.`mta_tip_cve` = `c`.`mta_tip_cve`
JOIN `srm_esp_cat` `d` ON `a`.`esp_cve`=`d`.`esp_cve`
JOIN `srm_reg_ads_vis` `f` ON `a`.`reg_cve`=`f`.`reg_cve`
JOIN `gra_sde_cat` `g` ON `f`.`sde_cve`=`g`.`sde_cve`
JOIN `ims_del_cat` `h` ON `g`.`del_cve`=`h`.`del_cve`
JOIN `gra_edo_cat` `i` ON `h`.`edo_cve`=`i`.`edo_cve`
LEFT JOIN `gra_per_eml_arc` `j` ON `a`.`curp`=`j`.`curp`
LEFT JOIN `gra_eml_dmn_cat` `k` ON `j`.`eml_dmn_cve`=`k`.`eml_dmn_cve`
LEFT JOIN `gra_per_tel_num_arc` `l` ON `l`.`curp`=`a`.`curp` and `l`.`uso_tip_cve`=1
JOIN `gra_per_gnr_cat` `m` ON `m`.`gnr_cve`=`f`.`gnr_cve`
JOIN `srm_mta_prg_arc` `n` ON `n`.`mta_cve`=`f`.`mta_cve`
JOIN `srm_cur_prg_arc` `o` ON `o`.`mta_cve` = `n`.`mta_cve` AND `o`.`sde_tip_cve` = 1
JOIN `srm_cur_prg_arc` `p` ON `p`.`mta_cve`=`n`.`mta_cve` AND `p`.`sde_tip_cve`=2
JOIN `gra_sde_cat` `q` ON `q`.`sde_cve`=`o`.`sde_cve`
JOIN `gra_sde_cat` `r` ON `r`.`sde_cve`=`p`.`sde_cve`
JOIN `gra_per_ncn_arc` `s` ON `f`.`per_cve`=`s`.`per_cve`
JOIN `gra_pai_cat` `t` ON `t`.`pai_cve`=`s`.`pai_cve`
JOIN `gra_edo_cat` `v` ON `v`.`edo_cve`=`s`.`edo_cve`
JOIN `srm_per_aval_arc` `w` ON `w`.`ads_cve`=`f`.`ads_cve`
LEFT JOIN `ims_per_nom_arc` `z` ON `z`.`curp`=`a`.`curp`
LEFT JOIN `ims_cnt_tip_cat` `u` ON `u`.`ims_cnt_tip_cve`=`z`.`ims_cnt_tip_cve`
WHERE `f`.`grd_num` != :f.grd_num:
AND `j`.`eml_tip_cve` = :j.eml_tip_cve:
AND `a`.`pro_ano` IN :a.pro_ano:
AND `f`.`mta_ctg_nom` IN :f.mta_ctg_nom:
AND TRIM(CONCAT(i.edo_nom, \' \', h.del_nom)) IN :TRIM(CONCAT(i.edo_nom, \' \', h.del_nom)):
AND `f`.`esp_nom` IN :f.esp_nom:
AND `m`.`gnr_nom` IN :m.gnr_nom:
ORDER BY `i`.`edo_cve` DESC, `i`.`edo_nom` DESC, `h`.`del_cve` DESC, `h`.`del_nom` DESC, `f`.`esp_nom` DESC, `g`.`sde_nom` DESC, `f`.`grd_num` DESC, `f`.`per_ap1` DESC, `f`.`per_ap2` DESC, `f`.`per_nom` DESC, `c`.`mta_tip_nom` DESC', [...], false)
 4 APPPATH\Models\activosPosgradoModel.php(120): CodeIgniter\Database\BaseBuilder->get()
 5 APPPATH\Controllers\ActivosPosgrado.php(60): App\Models\activosPosgradoModel->obtenerPorCampos([...], [...], [...], [...], [...])
 6 SYSTEMPATH\CodeIgniter.php(933): App\Controllers\ActivosPosgrado->obtenerFila()
 7 SYSTEMPATH\CodeIgniter.php(507): CodeIgniter\CodeIgniter->runController(Object(App\Controllers\ActivosPosgrado))
 8 SYSTEMPATH\CodeIgniter.php(354): CodeIgniter\CodeIgniter->handleRequest(null, Object(Config\Cache), false)
 9 SYSTEMPATH\Boot.php(363): CodeIgniter\CodeIgniter->run()
10 SYSTEMPATH\Boot.php(68): CodeIgniter\Boot::runCodeIgniter(Object(CodeIgniter\CodeIgniter))
11 FCPATH\index.php(59): CodeIgniter\Boot::bootWeb(Object(Config\Paths))
CRITICAL - 2026-04-29 18:39:34 --> [Caused by] mysqli_sql_exception: Unknown column 'AGUASCALIENTES' in 'where clause'
in SYSTEMPATH\Database\MySQLi\Connection.php on line 327.
 1 SYSTEMPATH\Database\MySQLi\Connection.php(327): mysqli->query('SELECT `a`.`pro_ano`, `f`.`mta_ctg_nom` AS `categoria`, TRIM(CONCAT(i.edo_nom, \' \', h.del_nom)) AS DELEGACION, CASE WHEN d.esp_tip_cve=1 THEN \'DIRECTA\' ELSE \'RAMA\' END AS TIPO_ESPECIALIDAD, `f`.`esp_nom` AS `ESPECIALIDAD`, `g`.`clues` AS `CLUES`, `g`.`sde_nom` AS `SEDE_ACADEMICA`, `g`.`hsp_niv_cve` AS `NIVEL_DE_ATENCION`, CASE WHEN g.hsp_niv_cve=3 THEN \'UMAE\' ELSE \'DELEGACION\' END AS DELEGACION_UMAE, `f`.`grd_num` AS `GRADO`, `f`.`curp` AS `CURP`, `m`.`gnr_nom` AS `GENERO`, `f`.`reg_cve` AS `FOLIO_IMSS`, `f`.`per_ap1` AS `AP_PATERNO`, `f`.`per_ap2` AS `AP_MATERNO`, `f`.`per_nom` AS `NOMBRE`, `c`.`mta_tip_ali` AS `TIPO`, `t`.`pai_ncn_nom` AS `NACIONALIDAD`, CASE WHEN eml_url IS NULL THEN CONCAT(j.eml_ali, \'@\', k.eml_dmn_nom) ELSE eml_url END AS CORREO, `l`.`tel_ext_num` AS `CELULAR`, `q`.`sde_nom` AS `SEDE`, `r`.`sde_nom` AS `SUBSEDE`, `w`.`aval_nom` AS `AVAL_ACADEMICO`, `z`.`ims_mat` AS `MATRICULA`, `u`.`IMS_CNT_TIP_NOM` AS `CONTRATACION`, `a`.`vlt_num` AS `VUELTA`, `v`.`edo_nom` AS `EDO_NACIMIENTO`, CASE WHEN n.cup_ocu_aud=99 THEN \'se queda en subsede ciclo 2021\' ELSE \'\' END AS NOTA
FROM `srm_per_reg_arc` `a`
JOIN `srm_mta_tip_cat` `c` ON `a`.`mta_tip_cve` = `c`.`mta_tip_cve`
JOIN `srm_esp_cat` `d` ON `a`.`esp_cve`=`d`.`esp_cve`
JOIN `srm_reg_ads_vis` `f` ON `a`.`reg_cve`=`f`.`reg_cve`
JOIN `gra_sde_cat` `g` ON `f`.`sde_cve`=`g`.`sde_cve`
JOIN `ims_del_cat` `h` ON `g`.`del_cve`=`h`.`del_cve`
JOIN `gra_edo_cat` `i` ON `h`.`edo_cve`=`i`.`edo_cve`
LEFT JOIN `gra_per_eml_arc` `j` ON `a`.`curp`=`j`.`curp`
LEFT JOIN `gra_eml_dmn_cat` `k` ON `j`.`eml_dmn_cve`=`k`.`eml_dmn_cve`
LEFT JOIN `gra_per_tel_num_arc` `l` ON `l`.`curp`=`a`.`curp` and `l`.`uso_tip_cve`=1
JOIN `gra_per_gnr_cat` `m` ON `m`.`gnr_cve`=`f`.`gnr_cve`
JOIN `srm_mta_prg_arc` `n` ON `n`.`mta_cve`=`f`.`mta_cve`
JOIN `srm_cur_prg_arc` `o` ON `o`.`mta_cve` = `n`.`mta_cve` AND `o`.`sde_tip_cve` = 1
JOIN `srm_cur_prg_arc` `p` ON `p`.`mta_cve`=`n`.`mta_cve` AND `p`.`sde_tip_cve`=2
JOIN `gra_sde_cat` `q` ON `q`.`sde_cve`=`o`.`sde_cve`
JOIN `gra_sde_cat` `r` ON `r`.`sde_cve`=`p`.`sde_cve`
JOIN `gra_per_ncn_arc` `s` ON `f`.`per_cve`=`s`.`per_cve`
JOIN `gra_pai_cat` `t` ON `t`.`pai_cve`=`s`.`pai_cve`
JOIN `gra_edo_cat` `v` ON `v`.`edo_cve`=`s`.`edo_cve`
JOIN `srm_per_aval_arc` `w` ON `w`.`ads_cve`=`f`.`ads_cve`
LEFT JOIN `ims_per_nom_arc` `z` ON `z`.`curp`=`a`.`curp`
LEFT JOIN `ims_cnt_tip_cat` `u` ON `u`.`ims_cnt_tip_cve`=`z`.`ims_cnt_tip_cve`
WHERE `f`.`grd_num` != 0
AND `j`.`eml_tip_cve` = 1
AND `a`.`pro_ano` IN (2025)
AND `f`.`mta_ctg_nom` IN (\'CIFRHS - ENARM\')
AND TRIM(CONCAT(i.edo_nom, \' \', h.del_nom)) IN (AGUASCALIENTES)
AND `f`.`esp_nom` IN (\'ANESTESIOLOGIA\')
AND `m`.`gnr_nom` IN (\'MUJER\')
ORDER BY `i`.`edo_cve` DESC, `i`.`edo_nom` DESC, `h`.`del_cve` DESC, `h`.`del_nom` DESC, `f`.`esp_nom` DESC, `g`.`sde_nom` DESC, `f`.`grd_num` DESC, `f`.`per_ap1` DESC, `f`.`per_ap2` DESC, `f`.`per_nom` DESC, `c`.`mta_tip_nom` DESC', 0)
 2 SYSTEMPATH\Database\BaseConnection.php(729): CodeIgniter\Database\MySQLi\Connection->execute('SELECT `a`.`pro_ano`, `f`.`mta_ctg_nom` AS `categoria`, TRIM(CONCAT(i.edo_nom, \' \', h.del_nom)) AS DELEGACION, CASE WHEN d.esp_tip_cve=1 THEN \'DIRECTA\' ELSE \'RAMA\' END AS TIPO_ESPECIALIDAD, `f`.`esp_nom` AS `ESPECIALIDAD`, `g`.`clues` AS `CLUES`, `g`.`sde_nom` AS `SEDE_ACADEMICA`, `g`.`hsp_niv_cve` AS `NIVEL_DE_ATENCION`, CASE WHEN g.hsp_niv_cve=3 THEN \'UMAE\' ELSE \'DELEGACION\' END AS DELEGACION_UMAE, `f`.`grd_num` AS `GRADO`, `f`.`curp` AS `CURP`, `m`.`gnr_nom` AS `GENERO`, `f`.`reg_cve` AS `FOLIO_IMSS`, `f`.`per_ap1` AS `AP_PATERNO`, `f`.`per_ap2` AS `AP_MATERNO`, `f`.`per_nom` AS `NOMBRE`, `c`.`mta_tip_ali` AS `TIPO`, `t`.`pai_ncn_nom` AS `NACIONALIDAD`, CASE WHEN eml_url IS NULL THEN CONCAT(j.eml_ali, \'@\', k.eml_dmn_nom) ELSE eml_url END AS CORREO, `l`.`tel_ext_num` AS `CELULAR`, `q`.`sde_nom` AS `SEDE`, `r`.`sde_nom` AS `SUBSEDE`, `w`.`aval_nom` AS `AVAL_ACADEMICO`, `z`.`ims_mat` AS `MATRICULA`, `u`.`IMS_CNT_TIP_NOM` AS `CONTRATACION`, `a`.`vlt_num` AS `VUELTA`, `v`.`edo_nom` AS `EDO_NACIMIENTO`, CASE WHEN n.cup_ocu_aud=99 THEN \'se queda en subsede ciclo 2021\' ELSE \'\' END AS NOTA
FROM `srm_per_reg_arc` `a`
JOIN `srm_mta_tip_cat` `c` ON `a`.`mta_tip_cve` = `c`.`mta_tip_cve`
JOIN `srm_esp_cat` `d` ON `a`.`esp_cve`=`d`.`esp_cve`
JOIN `srm_reg_ads_vis` `f` ON `a`.`reg_cve`=`f`.`reg_cve`
JOIN `gra_sde_cat` `g` ON `f`.`sde_cve`=`g`.`sde_cve`
JOIN `ims_del_cat` `h` ON `g`.`del_cve`=`h`.`del_cve`
JOIN `gra_edo_cat` `i` ON `h`.`edo_cve`=`i`.`edo_cve`
LEFT JOIN `gra_per_eml_arc` `j` ON `a`.`curp`=`j`.`curp`
LEFT JOIN `gra_eml_dmn_cat` `k` ON `j`.`eml_dmn_cve`=`k`.`eml_dmn_cve`
LEFT JOIN `gra_per_tel_num_arc` `l` ON `l`.`curp`=`a`.`curp` and `l`.`uso_tip_cve`=1
JOIN `gra_per_gnr_cat` `m` ON `m`.`gnr_cve`=`f`.`gnr_cve`
JOIN `srm_mta_prg_arc` `n` ON `n`.`mta_cve`=`f`.`mta_cve`
JOIN `srm_cur_prg_arc` `o` ON `o`.`mta_cve` = `n`.`mta_cve` AND `o`.`sde_tip_cve` = 1
JOIN `srm_cur_prg_arc` `p` ON `p`.`mta_cve`=`n`.`mta_cve` AND `p`.`sde_tip_cve`=2
JOIN `gra_sde_cat` `q` ON `q`.`sde_cve`=`o`.`sde_cve`
JOIN `gra_sde_cat` `r` ON `r`.`sde_cve`=`p`.`sde_cve`
JOIN `gra_per_ncn_arc` `s` ON `f`.`per_cve`=`s`.`per_cve`
JOIN `gra_pai_cat` `t` ON `t`.`pai_cve`=`s`.`pai_cve`
JOIN `gra_edo_cat` `v` ON `v`.`edo_cve`=`s`.`edo_cve`
JOIN `srm_per_aval_arc` `w` ON `w`.`ads_cve`=`f`.`ads_cve`
LEFT JOIN `ims_per_nom_arc` `z` ON `z`.`curp`=`a`.`curp`
LEFT JOIN `ims_cnt_tip_cat` `u` ON `u`.`ims_cnt_tip_cve`=`z`.`ims_cnt_tip_cve`
WHERE `f`.`grd_num` != 0
AND `j`.`eml_tip_cve` = 1
AND `a`.`pro_ano` IN (2025)
AND `f`.`mta_ctg_nom` IN (\'CIFRHS - ENARM\')
AND TRIM(CONCAT(i.edo_nom, \' \', h.del_nom)) IN (AGUASCALIENTES)
AND `f`.`esp_nom` IN (\'ANESTESIOLOGIA\')
AND `m`.`gnr_nom` IN (\'MUJER\')
ORDER BY `i`.`edo_cve` DESC, `i`.`edo_nom` DESC, `h`.`del_cve` DESC, `h`.`del_nom` DESC, `f`.`esp_nom` DESC, `g`.`sde_nom` DESC, `f`.`grd_num` DESC, `f`.`per_ap1` DESC, `f`.`per_ap2` DESC, `f`.`per_nom` DESC, `c`.`mta_tip_nom` DESC')
 3 SYSTEMPATH\Database\BaseConnection.php(646): CodeIgniter\Database\BaseConnection->simpleQuery('SELECT `a`.`pro_ano`, `f`.`mta_ctg_nom` AS `categoria`, TRIM(CONCAT(i.edo_nom, \' \', h.del_nom)) AS DELEGACION, CASE WHEN d.esp_tip_cve=1 THEN \'DIRECTA\' ELSE \'RAMA\' END AS TIPO_ESPECIALIDAD, `f`.`esp_nom` AS `ESPECIALIDAD`, `g`.`clues` AS `CLUES`, `g`.`sde_nom` AS `SEDE_ACADEMICA`, `g`.`hsp_niv_cve` AS `NIVEL_DE_ATENCION`, CASE WHEN g.hsp_niv_cve=3 THEN \'UMAE\' ELSE \'DELEGACION\' END AS DELEGACION_UMAE, `f`.`grd_num` AS `GRADO`, `f`.`curp` AS `CURP`, `m`.`gnr_nom` AS `GENERO`, `f`.`reg_cve` AS `FOLIO_IMSS`, `f`.`per_ap1` AS `AP_PATERNO`, `f`.`per_ap2` AS `AP_MATERNO`, `f`.`per_nom` AS `NOMBRE`, `c`.`mta_tip_ali` AS `TIPO`, `t`.`pai_ncn_nom` AS `NACIONALIDAD`, CASE WHEN eml_url IS NULL THEN CONCAT(j.eml_ali, \'@\', k.eml_dmn_nom) ELSE eml_url END AS CORREO, `l`.`tel_ext_num` AS `CELULAR`, `q`.`sde_nom` AS `SEDE`, `r`.`sde_nom` AS `SUBSEDE`, `w`.`aval_nom` AS `AVAL_ACADEMICO`, `z`.`ims_mat` AS `MATRICULA`, `u`.`IMS_CNT_TIP_NOM` AS `CONTRATACION`, `a`.`vlt_num` AS `VUELTA`, `v`.`edo_nom` AS `EDO_NACIMIENTO`, CASE WHEN n.cup_ocu_aud=99 THEN \'se queda en subsede ciclo 2021\' ELSE \'\' END AS NOTA
FROM `srm_per_reg_arc` `a`
JOIN `srm_mta_tip_cat` `c` ON `a`.`mta_tip_cve` = `c`.`mta_tip_cve`
JOIN `srm_esp_cat` `d` ON `a`.`esp_cve`=`d`.`esp_cve`
JOIN `srm_reg_ads_vis` `f` ON `a`.`reg_cve`=`f`.`reg_cve`
JOIN `gra_sde_cat` `g` ON `f`.`sde_cve`=`g`.`sde_cve`
JOIN `ims_del_cat` `h` ON `g`.`del_cve`=`h`.`del_cve`
JOIN `gra_edo_cat` `i` ON `h`.`edo_cve`=`i`.`edo_cve`
LEFT JOIN `gra_per_eml_arc` `j` ON `a`.`curp`=`j`.`curp`
LEFT JOIN `gra_eml_dmn_cat` `k` ON `j`.`eml_dmn_cve`=`k`.`eml_dmn_cve`
LEFT JOIN `gra_per_tel_num_arc` `l` ON `l`.`curp`=`a`.`curp` and `l`.`uso_tip_cve`=1
JOIN `gra_per_gnr_cat` `m` ON `m`.`gnr_cve`=`f`.`gnr_cve`
JOIN `srm_mta_prg_arc` `n` ON `n`.`mta_cve`=`f`.`mta_cve`
JOIN `srm_cur_prg_arc` `o` ON `o`.`mta_cve` = `n`.`mta_cve` AND `o`.`sde_tip_cve` = 1
JOIN `srm_cur_prg_arc` `p` ON `p`.`mta_cve`=`n`.`mta_cve` AND `p`.`sde_tip_cve`=2
JOIN `gra_sde_cat` `q` ON `q`.`sde_cve`=`o`.`sde_cve`
JOIN `gra_sde_cat` `r` ON `r`.`sde_cve`=`p`.`sde_cve`
JOIN `gra_per_ncn_arc` `s` ON `f`.`per_cve`=`s`.`per_cve`
JOIN `gra_pai_cat` `t` ON `t`.`pai_cve`=`s`.`pai_cve`
JOIN `gra_edo_cat` `v` ON `v`.`edo_cve`=`s`.`edo_cve`
JOIN `srm_per_aval_arc` `w` ON `w`.`ads_cve`=`f`.`ads_cve`
LEFT JOIN `ims_per_nom_arc` `z` ON `z`.`curp`=`a`.`curp`
LEFT JOIN `ims_cnt_tip_cat` `u` ON `u`.`ims_cnt_tip_cve`=`z`.`ims_cnt_tip_cve`
WHERE `f`.`grd_num` != 0
AND `j`.`eml_tip_cve` = 1
AND `a`.`pro_ano` IN (2025)
AND `f`.`mta_ctg_nom` IN (\'CIFRHS - ENARM\')
AND TRIM(CONCAT(i.edo_nom, \' \', h.del_nom)) IN (AGUASCALIENTES)
AND `f`.`esp_nom` IN (\'ANESTESIOLOGIA\')
AND `m`.`gnr_nom` IN (\'MUJER\')
ORDER BY `i`.`edo_cve` DESC, `i`.`edo_nom` DESC, `h`.`del_cve` DESC, `h`.`del_nom` DESC, `f`.`esp_nom` DESC, `g`.`sde_nom` DESC, `f`.`grd_num` DESC, `f`.`per_ap1` DESC, `f`.`per_ap2` DESC, `f`.`per_nom` DESC, `c`.`mta_tip_nom` DESC')
 4 SYSTEMPATH\Database\BaseBuilder.php(1649): CodeIgniter\Database\BaseConnection->query('SELECT `a`.`pro_ano`, `f`.`mta_ctg_nom` AS `categoria`, TRIM(CONCAT(i.edo_nom, \' \', h.del_nom)) AS DELEGACION, CASE WHEN d.esp_tip_cve=1 THEN \'DIRECTA\' ELSE \'RAMA\' END AS TIPO_ESPECIALIDAD, `f`.`esp_nom` AS `ESPECIALIDAD`, `g`.`clues` AS `CLUES`, `g`.`sde_nom` AS `SEDE_ACADEMICA`, `g`.`hsp_niv_cve` AS `NIVEL_DE_ATENCION`, CASE WHEN g.hsp_niv_cve=3 THEN \'UMAE\' ELSE \'DELEGACION\' END AS DELEGACION_UMAE, `f`.`grd_num` AS `GRADO`, `f`.`curp` AS `CURP`, `m`.`gnr_nom` AS `GENERO`, `f`.`reg_cve` AS `FOLIO_IMSS`, `f`.`per_ap1` AS `AP_PATERNO`, `f`.`per_ap2` AS `AP_MATERNO`, `f`.`per_nom` AS `NOMBRE`, `c`.`mta_tip_ali` AS `TIPO`, `t`.`pai_ncn_nom` AS `NACIONALIDAD`, CASE WHEN eml_url IS NULL THEN CONCAT(j.eml_ali, \'@\', k.eml_dmn_nom) ELSE eml_url END AS CORREO, `l`.`tel_ext_num` AS `CELULAR`, `q`.`sde_nom` AS `SEDE`, `r`.`sde_nom` AS `SUBSEDE`, `w`.`aval_nom` AS `AVAL_ACADEMICO`, `z`.`ims_mat` AS `MATRICULA`, `u`.`IMS_CNT_TIP_NOM` AS `CONTRATACION`, `a`.`vlt_num` AS `VUELTA`, `v`.`edo_nom` AS `EDO_NACIMIENTO`, CASE WHEN n.cup_ocu_aud=99 THEN \'se queda en subsede ciclo 2021\' ELSE \'\' END AS NOTA
FROM `srm_per_reg_arc` `a`
JOIN `srm_mta_tip_cat` `c` ON `a`.`mta_tip_cve` = `c`.`mta_tip_cve`
JOIN `srm_esp_cat` `d` ON `a`.`esp_cve`=`d`.`esp_cve`
JOIN `srm_reg_ads_vis` `f` ON `a`.`reg_cve`=`f`.`reg_cve`
JOIN `gra_sde_cat` `g` ON `f`.`sde_cve`=`g`.`sde_cve`
JOIN `ims_del_cat` `h` ON `g`.`del_cve`=`h`.`del_cve`
JOIN `gra_edo_cat` `i` ON `h`.`edo_cve`=`i`.`edo_cve`
LEFT JOIN `gra_per_eml_arc` `j` ON `a`.`curp`=`j`.`curp`
LEFT JOIN `gra_eml_dmn_cat` `k` ON `j`.`eml_dmn_cve`=`k`.`eml_dmn_cve`
LEFT JOIN `gra_per_tel_num_arc` `l` ON `l`.`curp`=`a`.`curp` and `l`.`uso_tip_cve`=1
JOIN `gra_per_gnr_cat` `m` ON `m`.`gnr_cve`=`f`.`gnr_cve`
JOIN `srm_mta_prg_arc` `n` ON `n`.`mta_cve`=`f`.`mta_cve`
JOIN `srm_cur_prg_arc` `o` ON `o`.`mta_cve` = `n`.`mta_cve` AND `o`.`sde_tip_cve` = 1
JOIN `srm_cur_prg_arc` `p` ON `p`.`mta_cve`=`n`.`mta_cve` AND `p`.`sde_tip_cve`=2
JOIN `gra_sde_cat` `q` ON `q`.`sde_cve`=`o`.`sde_cve`
JOIN `gra_sde_cat` `r` ON `r`.`sde_cve`=`p`.`sde_cve`
JOIN `gra_per_ncn_arc` `s` ON `f`.`per_cve`=`s`.`per_cve`
JOIN `gra_pai_cat` `t` ON `t`.`pai_cve`=`s`.`pai_cve`
JOIN `gra_edo_cat` `v` ON `v`.`edo_cve`=`s`.`edo_cve`
JOIN `srm_per_aval_arc` `w` ON `w`.`ads_cve`=`f`.`ads_cve`
LEFT JOIN `ims_per_nom_arc` `z` ON `z`.`curp`=`a`.`curp`
LEFT JOIN `ims_cnt_tip_cat` `u` ON `u`.`ims_cnt_tip_cve`=`z`.`ims_cnt_tip_cve`
WHERE `f`.`grd_num` != :f.grd_num:
AND `j`.`eml_tip_cve` = :j.eml_tip_cve:
AND `a`.`pro_ano` IN :a.pro_ano:
AND `f`.`mta_ctg_nom` IN :f.mta_ctg_nom:
AND TRIM(CONCAT(i.edo_nom, \' \', h.del_nom)) IN :TRIM(CONCAT(i.edo_nom, \' \', h.del_nom)):
AND `f`.`esp_nom` IN :f.esp_nom:
AND `m`.`gnr_nom` IN :m.gnr_nom:
ORDER BY `i`.`edo_cve` DESC, `i`.`edo_nom` DESC, `h`.`del_cve` DESC, `h`.`del_nom` DESC, `f`.`esp_nom` DESC, `g`.`sde_nom` DESC, `f`.`grd_num` DESC, `f`.`per_ap1` DESC, `f`.`per_ap2` DESC, `f`.`per_nom` DESC, `c`.`mta_tip_nom` DESC', [...], false)
 5 APPPATH\Models\activosPosgradoModel.php(120): CodeIgniter\Database\BaseBuilder->get()
 6 APPPATH\Controllers\ActivosPosgrado.php(60): App\Models\activosPosgradoModel->obtenerPorCampos([...], [...], [...], [...], [...])
 7 SYSTEMPATH\CodeIgniter.php(933): App\Controllers\ActivosPosgrado->obtenerFila()
 8 SYSTEMPATH\CodeIgniter.php(507): CodeIgniter\CodeIgniter->runController(Object(App\Controllers\ActivosPosgrado))
 9 SYSTEMPATH\CodeIgniter.php(354): CodeIgniter\CodeIgniter->handleRequest(null, Object(Config\Cache), false)
10 SYSTEMPATH\Boot.php(363): CodeIgniter\CodeIgniter->run()
11 SYSTEMPATH\Boot.php(68): CodeIgniter\Boot::runCodeIgniter(Object(CodeIgniter\CodeIgniter))
12 FCPATH\index.php(59): CodeIgniter\Boot::bootWeb(Object(Config\Paths))
ERROR - 2026-04-29 18:52:26 --> mysqli_sql_exception: Unknown column 'AGUASCALIENTES' in 'where clause' in C:\xampp\htdocs\api_siices\system\Database\MySQLi\Connection.php:327
Stack trace:
#0 C:\xampp\htdocs\api_siices\system\Database\MySQLi\Connection.php(327): mysqli->query('SELECT `a`.`pro...', 0)
#1 C:\xampp\htdocs\api_siices\system\Database\BaseConnection.php(729): CodeIgniter\Database\MySQLi\Connection->execute('SELECT `a`.`pro...')
#2 C:\xampp\htdocs\api_siices\system\Database\BaseConnection.php(646): CodeIgniter\Database\BaseConnection->simpleQuery('SELECT `a`.`pro...')
#3 C:\xampp\htdocs\api_siices\system\Database\BaseBuilder.php(1649): CodeIgniter\Database\BaseConnection->query('SELECT `a`.`pro...', Array, false)
#4 C:\xampp\htdocs\api_siices\app\Models\activosPosgradoModel.php(120): CodeIgniter\Database\BaseBuilder->get()
#5 C:\xampp\htdocs\api_siices\app\Controllers\ActivosPosgrado.php(60): App\Models\activosPosgradoModel->obtenerPorCampos(Array, Array, Array, Array, Array)
#6 C:\xampp\htdocs\api_siices\system\CodeIgniter.php(933): App\Controllers\ActivosPosgrado->obtenerFila()
#7 C:\xampp\htdocs\api_siices\system\CodeIgniter.php(507): CodeIgniter\CodeIgniter->runController(Object(App\Controllers\ActivosPosgrado))
#8 C:\xampp\htdocs\api_siices\system\CodeIgniter.php(354): CodeIgniter\CodeIgniter->handleRequest(NULL, Object(Config\Cache), false)
#9 C:\xampp\htdocs\api_siices\system\Boot.php(363): CodeIgniter\CodeIgniter->run()
#10 C:\xampp\htdocs\api_siices\system\Boot.php(68): CodeIgniter\Boot::runCodeIgniter(Object(CodeIgniter\CodeIgniter))
#11 C:\xampp\htdocs\api_siices\public\index.php(59): CodeIgniter\Boot::bootWeb(Object(Config\Paths))
#12 {main}
CRITICAL - 2026-04-29 18:52:26 --> CodeIgniter\Database\Exceptions\DatabaseException: Unknown column 'AGUASCALIENTES' in 'where clause'
[Method: POST, Route: activosPosgrado/obtenerFila]
in SYSTEMPATH\Database\BaseConnection.php on line 684.
 1 SYSTEMPATH\Database\BaseBuilder.php(1649): CodeIgniter\Database\BaseConnection->query('SELECT `a`.`pro_ano`, `f`.`mta_ctg_nom` AS `categoria`, TRIM(CONCAT(i.edo_nom, \' \', h.del_nom)) AS DELEGACION, CASE WHEN d.esp_tip_cve=1 THEN \'DIRECTA\' ELSE \'RAMA\' END AS TIPO_ESPECIALIDAD, `f`.`esp_nom` AS `ESPECIALIDAD`, `g`.`clues` AS `CLUES`, `g`.`sde_nom` AS `SEDE_ACADEMICA`, `g`.`hsp_niv_cve` AS `NIVEL_DE_ATENCION`, CASE WHEN g.hsp_niv_cve=3 THEN \'UMAE\' ELSE \'DELEGACION\' END AS DELEGACION_UMAE, `f`.`grd_num` AS `GRADO`, `f`.`curp` AS `CURP`, `m`.`gnr_nom` AS `GENERO`, `f`.`reg_cve` AS `FOLIO_IMSS`, `f`.`per_ap1` AS `AP_PATERNO`, `f`.`per_ap2` AS `AP_MATERNO`, `f`.`per_nom` AS `NOMBRE`, `c`.`mta_tip_ali` AS `TIPO`, `t`.`pai_ncn_nom` AS `NACIONALIDAD`, CASE WHEN eml_url IS NULL THEN CONCAT(j.eml_ali, \'@\', k.eml_dmn_nom) ELSE eml_url END AS CORREO, `l`.`tel_ext_num` AS `CELULAR`, `q`.`sde_nom` AS `SEDE`, `r`.`sde_nom` AS `SUBSEDE`, `w`.`aval_nom` AS `AVAL_ACADEMICO`, `z`.`ims_mat` AS `MATRICULA`, `u`.`IMS_CNT_TIP_NOM` AS `CONTRATACION`, `a`.`vlt_num` AS `VUELTA`, `v`.`edo_nom` AS `EDO_NACIMIENTO`, CASE WHEN n.cup_ocu_aud=99 THEN \'se queda en subsede ciclo 2021\' ELSE \'\' END AS NOTA
FROM `srm_per_reg_arc` `a`
JOIN `srm_mta_tip_cat` `c` ON `a`.`mta_tip_cve` = `c`.`mta_tip_cve`
JOIN `srm_esp_cat` `d` ON `a`.`esp_cve`=`d`.`esp_cve`
JOIN `srm_reg_ads_vis` `f` ON `a`.`reg_cve`=`f`.`reg_cve`
JOIN `gra_sde_cat` `g` ON `f`.`sde_cve`=`g`.`sde_cve`
JOIN `ims_del_cat` `h` ON `g`.`del_cve`=`h`.`del_cve`
JOIN `gra_edo_cat` `i` ON `h`.`edo_cve`=`i`.`edo_cve`
LEFT JOIN `gra_per_eml_arc` `j` ON `a`.`curp`=`j`.`curp`
LEFT JOIN `gra_eml_dmn_cat` `k` ON `j`.`eml_dmn_cve`=`k`.`eml_dmn_cve`
LEFT JOIN `gra_per_tel_num_arc` `l` ON `l`.`curp`=`a`.`curp` and `l`.`uso_tip_cve`=1
JOIN `gra_per_gnr_cat` `m` ON `m`.`gnr_cve`=`f`.`gnr_cve`
JOIN `srm_mta_prg_arc` `n` ON `n`.`mta_cve`=`f`.`mta_cve`
JOIN `srm_cur_prg_arc` `o` ON `o`.`mta_cve` = `n`.`mta_cve` AND `o`.`sde_tip_cve` = 1
JOIN `srm_cur_prg_arc` `p` ON `p`.`mta_cve`=`n`.`mta_cve` AND `p`.`sde_tip_cve`=2
JOIN `gra_sde_cat` `q` ON `q`.`sde_cve`=`o`.`sde_cve`
JOIN `gra_sde_cat` `r` ON `r`.`sde_cve`=`p`.`sde_cve`
JOIN `gra_per_ncn_arc` `s` ON `f`.`per_cve`=`s`.`per_cve`
JOIN `gra_pai_cat` `t` ON `t`.`pai_cve`=`s`.`pai_cve`
JOIN `gra_edo_cat` `v` ON `v`.`edo_cve`=`s`.`edo_cve`
JOIN `srm_per_aval_arc` `w` ON `w`.`ads_cve`=`f`.`ads_cve`
LEFT JOIN `ims_per_nom_arc` `z` ON `z`.`curp`=`a`.`curp`
LEFT JOIN `ims_cnt_tip_cat` `u` ON `u`.`ims_cnt_tip_cve`=`z`.`ims_cnt_tip_cve`
WHERE `f`.`grd_num` != :f.grd_num:
AND `j`.`eml_tip_cve` = :j.eml_tip_cve:
AND `a`.`pro_ano` IN :a.pro_ano:
AND `f`.`mta_ctg_nom` IN :f.mta_ctg_nom:
AND TRIM(CONCAT(i.edo_nom, \' \', h.del_nom)) IN :TRIM(CONCAT(i.edo_nom, \' \', h.del_nom)):
AND `f`.`esp_nom` IN :f.esp_nom:
AND `m`.`gnr_nom` IN :m.gnr_nom:
ORDER BY `i`.`edo_cve` DESC, `i`.`edo_nom` DESC, `h`.`del_cve` DESC, `h`.`del_nom` DESC, `f`.`esp_nom` DESC, `g`.`sde_nom` DESC, `f`.`grd_num` DESC, `f`.`per_ap1` DESC, `f`.`per_ap2` DESC, `f`.`per_nom` DESC, `c`.`mta_tip_nom` DESC', [...], false)
 2 APPPATH\Models\activosPosgradoModel.php(120): CodeIgniter\Database\BaseBuilder->get()
 3 APPPATH\Controllers\ActivosPosgrado.php(60): App\Models\activosPosgradoModel->obtenerPorCampos([...], [...], [...], [...], [...])
 4 SYSTEMPATH\CodeIgniter.php(933): App\Controllers\ActivosPosgrado->obtenerFila()
 5 SYSTEMPATH\CodeIgniter.php(507): CodeIgniter\CodeIgniter->runController(Object(App\Controllers\ActivosPosgrado))
 6 SYSTEMPATH\CodeIgniter.php(354): CodeIgniter\CodeIgniter->handleRequest(null, Object(Config\Cache), false)
 7 SYSTEMPATH\Boot.php(363): CodeIgniter\CodeIgniter->run()
 8 SYSTEMPATH\Boot.php(68): CodeIgniter\Boot::runCodeIgniter(Object(CodeIgniter\CodeIgniter))
 9 FCPATH\index.php(59): CodeIgniter\Boot::bootWeb(Object(Config\Paths))
CRITICAL - 2026-04-29 18:52:26 --> [Caused by] CodeIgniter\Database\Exceptions\DatabaseException: Unknown column 'AGUASCALIENTES' in 'where clause'
in SYSTEMPATH\Database\MySQLi\Connection.php on line 332.
 1 SYSTEMPATH\Database\BaseConnection.php(729): CodeIgniter\Database\MySQLi\Connection->execute('SELECT `a`.`pro_ano`, `f`.`mta_ctg_nom` AS `categoria`, TRIM(CONCAT(i.edo_nom, \' \', h.del_nom)) AS DELEGACION, CASE WHEN d.esp_tip_cve=1 THEN \'DIRECTA\' ELSE \'RAMA\' END AS TIPO_ESPECIALIDAD, `f`.`esp_nom` AS `ESPECIALIDAD`, `g`.`clues` AS `CLUES`, `g`.`sde_nom` AS `SEDE_ACADEMICA`, `g`.`hsp_niv_cve` AS `NIVEL_DE_ATENCION`, CASE WHEN g.hsp_niv_cve=3 THEN \'UMAE\' ELSE \'DELEGACION\' END AS DELEGACION_UMAE, `f`.`grd_num` AS `GRADO`, `f`.`curp` AS `CURP`, `m`.`gnr_nom` AS `GENERO`, `f`.`reg_cve` AS `FOLIO_IMSS`, `f`.`per_ap1` AS `AP_PATERNO`, `f`.`per_ap2` AS `AP_MATERNO`, `f`.`per_nom` AS `NOMBRE`, `c`.`mta_tip_ali` AS `TIPO`, `t`.`pai_ncn_nom` AS `NACIONALIDAD`, CASE WHEN eml_url IS NULL THEN CONCAT(j.eml_ali, \'@\', k.eml_dmn_nom) ELSE eml_url END AS CORREO, `l`.`tel_ext_num` AS `CELULAR`, `q`.`sde_nom` AS `SEDE`, `r`.`sde_nom` AS `SUBSEDE`, `w`.`aval_nom` AS `AVAL_ACADEMICO`, `z`.`ims_mat` AS `MATRICULA`, `u`.`IMS_CNT_TIP_NOM` AS `CONTRATACION`, `a`.`vlt_num` AS `VUELTA`, `v`.`edo_nom` AS `EDO_NACIMIENTO`, CASE WHEN n.cup_ocu_aud=99 THEN \'se queda en subsede ciclo 2021\' ELSE \'\' END AS NOTA
FROM `srm_per_reg_arc` `a`
JOIN `srm_mta_tip_cat` `c` ON `a`.`mta_tip_cve` = `c`.`mta_tip_cve`
JOIN `srm_esp_cat` `d` ON `a`.`esp_cve`=`d`.`esp_cve`
JOIN `srm_reg_ads_vis` `f` ON `a`.`reg_cve`=`f`.`reg_cve`
JOIN `gra_sde_cat` `g` ON `f`.`sde_cve`=`g`.`sde_cve`
JOIN `ims_del_cat` `h` ON `g`.`del_cve`=`h`.`del_cve`
JOIN `gra_edo_cat` `i` ON `h`.`edo_cve`=`i`.`edo_cve`
LEFT JOIN `gra_per_eml_arc` `j` ON `a`.`curp`=`j`.`curp`
LEFT JOIN `gra_eml_dmn_cat` `k` ON `j`.`eml_dmn_cve`=`k`.`eml_dmn_cve`
LEFT JOIN `gra_per_tel_num_arc` `l` ON `l`.`curp`=`a`.`curp` and `l`.`uso_tip_cve`=1
JOIN `gra_per_gnr_cat` `m` ON `m`.`gnr_cve`=`f`.`gnr_cve`
JOIN `srm_mta_prg_arc` `n` ON `n`.`mta_cve`=`f`.`mta_cve`
JOIN `srm_cur_prg_arc` `o` ON `o`.`mta_cve` = `n`.`mta_cve` AND `o`.`sde_tip_cve` = 1
JOIN `srm_cur_prg_arc` `p` ON `p`.`mta_cve`=`n`.`mta_cve` AND `p`.`sde_tip_cve`=2
JOIN `gra_sde_cat` `q` ON `q`.`sde_cve`=`o`.`sde_cve`
JOIN `gra_sde_cat` `r` ON `r`.`sde_cve`=`p`.`sde_cve`
JOIN `gra_per_ncn_arc` `s` ON `f`.`per_cve`=`s`.`per_cve`
JOIN `gra_pai_cat` `t` ON `t`.`pai_cve`=`s`.`pai_cve`
JOIN `gra_edo_cat` `v` ON `v`.`edo_cve`=`s`.`edo_cve`
JOIN `srm_per_aval_arc` `w` ON `w`.`ads_cve`=`f`.`ads_cve`
LEFT JOIN `ims_per_nom_arc` `z` ON `z`.`curp`=`a`.`curp`
LEFT JOIN `ims_cnt_tip_cat` `u` ON `u`.`ims_cnt_tip_cve`=`z`.`ims_cnt_tip_cve`
WHERE `f`.`grd_num` != 0
AND `j`.`eml_tip_cve` = 1
AND `a`.`pro_ano` IN (2025)
AND `f`.`mta_ctg_nom` IN (\'CIFRHS - ENARM\')
AND TRIM(CONCAT(i.edo_nom, \' \', h.del_nom)) IN (AGUASCALIENTES)
AND `f`.`esp_nom` IN (\'ANESTESIOLOGIA\')
AND `m`.`gnr_nom` IN (\'MUJER\')
ORDER BY `i`.`edo_cve` DESC, `i`.`edo_nom` DESC, `h`.`del_cve` DESC, `h`.`del_nom` DESC, `f`.`esp_nom` DESC, `g`.`sde_nom` DESC, `f`.`grd_num` DESC, `f`.`per_ap1` DESC, `f`.`per_ap2` DESC, `f`.`per_nom` DESC, `c`.`mta_tip_nom` DESC')
 2 SYSTEMPATH\Database\BaseConnection.php(646): CodeIgniter\Database\BaseConnection->simpleQuery('SELECT `a`.`pro_ano`, `f`.`mta_ctg_nom` AS `categoria`, TRIM(CONCAT(i.edo_nom, \' \', h.del_nom)) AS DELEGACION, CASE WHEN d.esp_tip_cve=1 THEN \'DIRECTA\' ELSE \'RAMA\' END AS TIPO_ESPECIALIDAD, `f`.`esp_nom` AS `ESPECIALIDAD`, `g`.`clues` AS `CLUES`, `g`.`sde_nom` AS `SEDE_ACADEMICA`, `g`.`hsp_niv_cve` AS `NIVEL_DE_ATENCION`, CASE WHEN g.hsp_niv_cve=3 THEN \'UMAE\' ELSE \'DELEGACION\' END AS DELEGACION_UMAE, `f`.`grd_num` AS `GRADO`, `f`.`curp` AS `CURP`, `m`.`gnr_nom` AS `GENERO`, `f`.`reg_cve` AS `FOLIO_IMSS`, `f`.`per_ap1` AS `AP_PATERNO`, `f`.`per_ap2` AS `AP_MATERNO`, `f`.`per_nom` AS `NOMBRE`, `c`.`mta_tip_ali` AS `TIPO`, `t`.`pai_ncn_nom` AS `NACIONALIDAD`, CASE WHEN eml_url IS NULL THEN CONCAT(j.eml_ali, \'@\', k.eml_dmn_nom) ELSE eml_url END AS CORREO, `l`.`tel_ext_num` AS `CELULAR`, `q`.`sde_nom` AS `SEDE`, `r`.`sde_nom` AS `SUBSEDE`, `w`.`aval_nom` AS `AVAL_ACADEMICO`, `z`.`ims_mat` AS `MATRICULA`, `u`.`IMS_CNT_TIP_NOM` AS `CONTRATACION`, `a`.`vlt_num` AS `VUELTA`, `v`.`edo_nom` AS `EDO_NACIMIENTO`, CASE WHEN n.cup_ocu_aud=99 THEN \'se queda en subsede ciclo 2021\' ELSE \'\' END AS NOTA
FROM `srm_per_reg_arc` `a`
JOIN `srm_mta_tip_cat` `c` ON `a`.`mta_tip_cve` = `c`.`mta_tip_cve`
JOIN `srm_esp_cat` `d` ON `a`.`esp_cve`=`d`.`esp_cve`
JOIN `srm_reg_ads_vis` `f` ON `a`.`reg_cve`=`f`.`reg_cve`
JOIN `gra_sde_cat` `g` ON `f`.`sde_cve`=`g`.`sde_cve`
JOIN `ims_del_cat` `h` ON `g`.`del_cve`=`h`.`del_cve`
JOIN `gra_edo_cat` `i` ON `h`.`edo_cve`=`i`.`edo_cve`
LEFT JOIN `gra_per_eml_arc` `j` ON `a`.`curp`=`j`.`curp`
LEFT JOIN `gra_eml_dmn_cat` `k` ON `j`.`eml_dmn_cve`=`k`.`eml_dmn_cve`
LEFT JOIN `gra_per_tel_num_arc` `l` ON `l`.`curp`=`a`.`curp` and `l`.`uso_tip_cve`=1
JOIN `gra_per_gnr_cat` `m` ON `m`.`gnr_cve`=`f`.`gnr_cve`
JOIN `srm_mta_prg_arc` `n` ON `n`.`mta_cve`=`f`.`mta_cve`
JOIN `srm_cur_prg_arc` `o` ON `o`.`mta_cve` = `n`.`mta_cve` AND `o`.`sde_tip_cve` = 1
JOIN `srm_cur_prg_arc` `p` ON `p`.`mta_cve`=`n`.`mta_cve` AND `p`.`sde_tip_cve`=2
JOIN `gra_sde_cat` `q` ON `q`.`sde_cve`=`o`.`sde_cve`
JOIN `gra_sde_cat` `r` ON `r`.`sde_cve`=`p`.`sde_cve`
JOIN `gra_per_ncn_arc` `s` ON `f`.`per_cve`=`s`.`per_cve`
JOIN `gra_pai_cat` `t` ON `t`.`pai_cve`=`s`.`pai_cve`
JOIN `gra_edo_cat` `v` ON `v`.`edo_cve`=`s`.`edo_cve`
JOIN `srm_per_aval_arc` `w` ON `w`.`ads_cve`=`f`.`ads_cve`
LEFT JOIN `ims_per_nom_arc` `z` ON `z`.`curp`=`a`.`curp`
LEFT JOIN `ims_cnt_tip_cat` `u` ON `u`.`ims_cnt_tip_cve`=`z`.`ims_cnt_tip_cve`
WHERE `f`.`grd_num` != 0
AND `j`.`eml_tip_cve` = 1
AND `a`.`pro_ano` IN (2025)
AND `f`.`mta_ctg_nom` IN (\'CIFRHS - ENARM\')
AND TRIM(CONCAT(i.edo_nom, \' \', h.del_nom)) IN (AGUASCALIENTES)
AND `f`.`esp_nom` IN (\'ANESTESIOLOGIA\')
AND `m`.`gnr_nom` IN (\'MUJER\')
ORDER BY `i`.`edo_cve` DESC, `i`.`edo_nom` DESC, `h`.`del_cve` DESC, `h`.`del_nom` DESC, `f`.`esp_nom` DESC, `g`.`sde_nom` DESC, `f`.`grd_num` DESC, `f`.`per_ap1` DESC, `f`.`per_ap2` DESC, `f`.`per_nom` DESC, `c`.`mta_tip_nom` DESC')
 3 SYSTEMPATH\Database\BaseBuilder.php(1649): CodeIgniter\Database\BaseConnection->query('SELECT `a`.`pro_ano`, `f`.`mta_ctg_nom` AS `categoria`, TRIM(CONCAT(i.edo_nom, \' \', h.del_nom)) AS DELEGACION, CASE WHEN d.esp_tip_cve=1 THEN \'DIRECTA\' ELSE \'RAMA\' END AS TIPO_ESPECIALIDAD, `f`.`esp_nom` AS `ESPECIALIDAD`, `g`.`clues` AS `CLUES`, `g`.`sde_nom` AS `SEDE_ACADEMICA`, `g`.`hsp_niv_cve` AS `NIVEL_DE_ATENCION`, CASE WHEN g.hsp_niv_cve=3 THEN \'UMAE\' ELSE \'DELEGACION\' END AS DELEGACION_UMAE, `f`.`grd_num` AS `GRADO`, `f`.`curp` AS `CURP`, `m`.`gnr_nom` AS `GENERO`, `f`.`reg_cve` AS `FOLIO_IMSS`, `f`.`per_ap1` AS `AP_PATERNO`, `f`.`per_ap2` AS `AP_MATERNO`, `f`.`per_nom` AS `NOMBRE`, `c`.`mta_tip_ali` AS `TIPO`, `t`.`pai_ncn_nom` AS `NACIONALIDAD`, CASE WHEN eml_url IS NULL THEN CONCAT(j.eml_ali, \'@\', k.eml_dmn_nom) ELSE eml_url END AS CORREO, `l`.`tel_ext_num` AS `CELULAR`, `q`.`sde_nom` AS `SEDE`, `r`.`sde_nom` AS `SUBSEDE`, `w`.`aval_nom` AS `AVAL_ACADEMICO`, `z`.`ims_mat` AS `MATRICULA`, `u`.`IMS_CNT_TIP_NOM` AS `CONTRATACION`, `a`.`vlt_num` AS `VUELTA`, `v`.`edo_nom` AS `EDO_NACIMIENTO`, CASE WHEN n.cup_ocu_aud=99 THEN \'se queda en subsede ciclo 2021\' ELSE \'\' END AS NOTA
FROM `srm_per_reg_arc` `a`
JOIN `srm_mta_tip_cat` `c` ON `a`.`mta_tip_cve` = `c`.`mta_tip_cve`
JOIN `srm_esp_cat` `d` ON `a`.`esp_cve`=`d`.`esp_cve`
JOIN `srm_reg_ads_vis` `f` ON `a`.`reg_cve`=`f`.`reg_cve`
JOIN `gra_sde_cat` `g` ON `f`.`sde_cve`=`g`.`sde_cve`
JOIN `ims_del_cat` `h` ON `g`.`del_cve`=`h`.`del_cve`
JOIN `gra_edo_cat` `i` ON `h`.`edo_cve`=`i`.`edo_cve`
LEFT JOIN `gra_per_eml_arc` `j` ON `a`.`curp`=`j`.`curp`
LEFT JOIN `gra_eml_dmn_cat` `k` ON `j`.`eml_dmn_cve`=`k`.`eml_dmn_cve`
LEFT JOIN `gra_per_tel_num_arc` `l` ON `l`.`curp`=`a`.`curp` and `l`.`uso_tip_cve`=1
JOIN `gra_per_gnr_cat` `m` ON `m`.`gnr_cve`=`f`.`gnr_cve`
JOIN `srm_mta_prg_arc` `n` ON `n`.`mta_cve`=`f`.`mta_cve`
JOIN `srm_cur_prg_arc` `o` ON `o`.`mta_cve` = `n`.`mta_cve` AND `o`.`sde_tip_cve` = 1
JOIN `srm_cur_prg_arc` `p` ON `p`.`mta_cve`=`n`.`mta_cve` AND `p`.`sde_tip_cve`=2
JOIN `gra_sde_cat` `q` ON `q`.`sde_cve`=`o`.`sde_cve`
JOIN `gra_sde_cat` `r` ON `r`.`sde_cve`=`p`.`sde_cve`
JOIN `gra_per_ncn_arc` `s` ON `f`.`per_cve`=`s`.`per_cve`
JOIN `gra_pai_cat` `t` ON `t`.`pai_cve`=`s`.`pai_cve`
JOIN `gra_edo_cat` `v` ON `v`.`edo_cve`=`s`.`edo_cve`
JOIN `srm_per_aval_arc` `w` ON `w`.`ads_cve`=`f`.`ads_cve`
LEFT JOIN `ims_per_nom_arc` `z` ON `z`.`curp`=`a`.`curp`
LEFT JOIN `ims_cnt_tip_cat` `u` ON `u`.`ims_cnt_tip_cve`=`z`.`ims_cnt_tip_cve`
WHERE `f`.`grd_num` != :f.grd_num:
AND `j`.`eml_tip_cve` = :j.eml_tip_cve:
AND `a`.`pro_ano` IN :a.pro_ano:
AND `f`.`mta_ctg_nom` IN :f.mta_ctg_nom:
AND TRIM(CONCAT(i.edo_nom, \' \', h.del_nom)) IN :TRIM(CONCAT(i.edo_nom, \' \', h.del_nom)):
AND `f`.`esp_nom` IN :f.esp_nom:
AND `m`.`gnr_nom` IN :m.gnr_nom:
ORDER BY `i`.`edo_cve` DESC, `i`.`edo_nom` DESC, `h`.`del_cve` DESC, `h`.`del_nom` DESC, `f`.`esp_nom` DESC, `g`.`sde_nom` DESC, `f`.`grd_num` DESC, `f`.`per_ap1` DESC, `f`.`per_ap2` DESC, `f`.`per_nom` DESC, `c`.`mta_tip_nom` DESC', [...], false)
 4 APPPATH\Models\activosPosgradoModel.php(120): CodeIgniter\Database\BaseBuilder->get()
 5 APPPATH\Controllers\ActivosPosgrado.php(60): App\Models\activosPosgradoModel->obtenerPorCampos([...], [...], [...], [...], [...])
 6 SYSTEMPATH\CodeIgniter.php(933): App\Controllers\ActivosPosgrado->obtenerFila()
 7 SYSTEMPATH\CodeIgniter.php(507): CodeIgniter\CodeIgniter->runController(Object(App\Controllers\ActivosPosgrado))
 8 SYSTEMPATH\CodeIgniter.php(354): CodeIgniter\CodeIgniter->handleRequest(null, Object(Config\Cache), false)
 9 SYSTEMPATH\Boot.php(363): CodeIgniter\CodeIgniter->run()
10 SYSTEMPATH\Boot.php(68): CodeIgniter\Boot::runCodeIgniter(Object(CodeIgniter\CodeIgniter))
11 FCPATH\index.php(59): CodeIgniter\Boot::bootWeb(Object(Config\Paths))
CRITICAL - 2026-04-29 18:52:26 --> [Caused by] mysqli_sql_exception: Unknown column 'AGUASCALIENTES' in 'where clause'
in SYSTEMPATH\Database\MySQLi\Connection.php on line 327.
 1 SYSTEMPATH\Database\MySQLi\Connection.php(327): mysqli->query('SELECT `a`.`pro_ano`, `f`.`mta_ctg_nom` AS `categoria`, TRIM(CONCAT(i.edo_nom, \' \', h.del_nom)) AS DELEGACION, CASE WHEN d.esp_tip_cve=1 THEN \'DIRECTA\' ELSE \'RAMA\' END AS TIPO_ESPECIALIDAD, `f`.`esp_nom` AS `ESPECIALIDAD`, `g`.`clues` AS `CLUES`, `g`.`sde_nom` AS `SEDE_ACADEMICA`, `g`.`hsp_niv_cve` AS `NIVEL_DE_ATENCION`, CASE WHEN g.hsp_niv_cve=3 THEN \'UMAE\' ELSE \'DELEGACION\' END AS DELEGACION_UMAE, `f`.`grd_num` AS `GRADO`, `f`.`curp` AS `CURP`, `m`.`gnr_nom` AS `GENERO`, `f`.`reg_cve` AS `FOLIO_IMSS`, `f`.`per_ap1` AS `AP_PATERNO`, `f`.`per_ap2` AS `AP_MATERNO`, `f`.`per_nom` AS `NOMBRE`, `c`.`mta_tip_ali` AS `TIPO`, `t`.`pai_ncn_nom` AS `NACIONALIDAD`, CASE WHEN eml_url IS NULL THEN CONCAT(j.eml_ali, \'@\', k.eml_dmn_nom) ELSE eml_url END AS CORREO, `l`.`tel_ext_num` AS `CELULAR`, `q`.`sde_nom` AS `SEDE`, `r`.`sde_nom` AS `SUBSEDE`, `w`.`aval_nom` AS `AVAL_ACADEMICO`, `z`.`ims_mat` AS `MATRICULA`, `u`.`IMS_CNT_TIP_NOM` AS `CONTRATACION`, `a`.`vlt_num` AS `VUELTA`, `v`.`edo_nom` AS `EDO_NACIMIENTO`, CASE WHEN n.cup_ocu_aud=99 THEN \'se queda en subsede ciclo 2021\' ELSE \'\' END AS NOTA
FROM `srm_per_reg_arc` `a`
JOIN `srm_mta_tip_cat` `c` ON `a`.`mta_tip_cve` = `c`.`mta_tip_cve`
JOIN `srm_esp_cat` `d` ON `a`.`esp_cve`=`d`.`esp_cve`
JOIN `srm_reg_ads_vis` `f` ON `a`.`reg_cve`=`f`.`reg_cve`
JOIN `gra_sde_cat` `g` ON `f`.`sde_cve`=`g`.`sde_cve`
JOIN `ims_del_cat` `h` ON `g`.`del_cve`=`h`.`del_cve`
JOIN `gra_edo_cat` `i` ON `h`.`edo_cve`=`i`.`edo_cve`
LEFT JOIN `gra_per_eml_arc` `j` ON `a`.`curp`=`j`.`curp`
LEFT JOIN `gra_eml_dmn_cat` `k` ON `j`.`eml_dmn_cve`=`k`.`eml_dmn_cve`
LEFT JOIN `gra_per_tel_num_arc` `l` ON `l`.`curp`=`a`.`curp` and `l`.`uso_tip_cve`=1
JOIN `gra_per_gnr_cat` `m` ON `m`.`gnr_cve`=`f`.`gnr_cve`
JOIN `srm_mta_prg_arc` `n` ON `n`.`mta_cve`=`f`.`mta_cve`
JOIN `srm_cur_prg_arc` `o` ON `o`.`mta_cve` = `n`.`mta_cve` AND `o`.`sde_tip_cve` = 1
JOIN `srm_cur_prg_arc` `p` ON `p`.`mta_cve`=`n`.`mta_cve` AND `p`.`sde_tip_cve`=2
JOIN `gra_sde_cat` `q` ON `q`.`sde_cve`=`o`.`sde_cve`
JOIN `gra_sde_cat` `r` ON `r`.`sde_cve`=`p`.`sde_cve`
JOIN `gra_per_ncn_arc` `s` ON `f`.`per_cve`=`s`.`per_cve`
JOIN `gra_pai_cat` `t` ON `t`.`pai_cve`=`s`.`pai_cve`
JOIN `gra_edo_cat` `v` ON `v`.`edo_cve`=`s`.`edo_cve`
JOIN `srm_per_aval_arc` `w` ON `w`.`ads_cve`=`f`.`ads_cve`
LEFT JOIN `ims_per_nom_arc` `z` ON `z`.`curp`=`a`.`curp`
LEFT JOIN `ims_cnt_tip_cat` `u` ON `u`.`ims_cnt_tip_cve`=`z`.`ims_cnt_tip_cve`
WHERE `f`.`grd_num` != 0
AND `j`.`eml_tip_cve` = 1
AND `a`.`pro_ano` IN (2025)
AND `f`.`mta_ctg_nom` IN (\'CIFRHS - ENARM\')
AND TRIM(CONCAT(i.edo_nom, \' \', h.del_nom)) IN (AGUASCALIENTES)
AND `f`.`esp_nom` IN (\'ANESTESIOLOGIA\')
AND `m`.`gnr_nom` IN (\'MUJER\')
ORDER BY `i`.`edo_cve` DESC, `i`.`edo_nom` DESC, `h`.`del_cve` DESC, `h`.`del_nom` DESC, `f`.`esp_nom` DESC, `g`.`sde_nom` DESC, `f`.`grd_num` DESC, `f`.`per_ap1` DESC, `f`.`per_ap2` DESC, `f`.`per_nom` DESC, `c`.`mta_tip_nom` DESC', 0)
 2 SYSTEMPATH\Database\BaseConnection.php(729): CodeIgniter\Database\MySQLi\Connection->execute('SELECT `a`.`pro_ano`, `f`.`mta_ctg_nom` AS `categoria`, TRIM(CONCAT(i.edo_nom, \' \', h.del_nom)) AS DELEGACION, CASE WHEN d.esp_tip_cve=1 THEN \'DIRECTA\' ELSE \'RAMA\' END AS TIPO_ESPECIALIDAD, `f`.`esp_nom` AS `ESPECIALIDAD`, `g`.`clues` AS `CLUES`, `g`.`sde_nom` AS `SEDE_ACADEMICA`, `g`.`hsp_niv_cve` AS `NIVEL_DE_ATENCION`, CASE WHEN g.hsp_niv_cve=3 THEN \'UMAE\' ELSE \'DELEGACION\' END AS DELEGACION_UMAE, `f`.`grd_num` AS `GRADO`, `f`.`curp` AS `CURP`, `m`.`gnr_nom` AS `GENERO`, `f`.`reg_cve` AS `FOLIO_IMSS`, `f`.`per_ap1` AS `AP_PATERNO`, `f`.`per_ap2` AS `AP_MATERNO`, `f`.`per_nom` AS `NOMBRE`, `c`.`mta_tip_ali` AS `TIPO`, `t`.`pai_ncn_nom` AS `NACIONALIDAD`, CASE WHEN eml_url IS NULL THEN CONCAT(j.eml_ali, \'@\', k.eml_dmn_nom) ELSE eml_url END AS CORREO, `l`.`tel_ext_num` AS `CELULAR`, `q`.`sde_nom` AS `SEDE`, `r`.`sde_nom` AS `SUBSEDE`, `w`.`aval_nom` AS `AVAL_ACADEMICO`, `z`.`ims_mat` AS `MATRICULA`, `u`.`IMS_CNT_TIP_NOM` AS `CONTRATACION`, `a`.`vlt_num` AS `VUELTA`, `v`.`edo_nom` AS `EDO_NACIMIENTO`, CASE WHEN n.cup_ocu_aud=99 THEN \'se queda en subsede ciclo 2021\' ELSE \'\' END AS NOTA
FROM `srm_per_reg_arc` `a`
JOIN `srm_mta_tip_cat` `c` ON `a`.`mta_tip_cve` = `c`.`mta_tip_cve`
JOIN `srm_esp_cat` `d` ON `a`.`esp_cve`=`d`.`esp_cve`
JOIN `srm_reg_ads_vis` `f` ON `a`.`reg_cve`=`f`.`reg_cve`
JOIN `gra_sde_cat` `g` ON `f`.`sde_cve`=`g`.`sde_cve`
JOIN `ims_del_cat` `h` ON `g`.`del_cve`=`h`.`del_cve`
JOIN `gra_edo_cat` `i` ON `h`.`edo_cve`=`i`.`edo_cve`
LEFT JOIN `gra_per_eml_arc` `j` ON `a`.`curp`=`j`.`curp`
LEFT JOIN `gra_eml_dmn_cat` `k` ON `j`.`eml_dmn_cve`=`k`.`eml_dmn_cve`
LEFT JOIN `gra_per_tel_num_arc` `l` ON `l`.`curp`=`a`.`curp` and `l`.`uso_tip_cve`=1
JOIN `gra_per_gnr_cat` `m` ON `m`.`gnr_cve`=`f`.`gnr_cve`
JOIN `srm_mta_prg_arc` `n` ON `n`.`mta_cve`=`f`.`mta_cve`
JOIN `srm_cur_prg_arc` `o` ON `o`.`mta_cve` = `n`.`mta_cve` AND `o`.`sde_tip_cve` = 1
JOIN `srm_cur_prg_arc` `p` ON `p`.`mta_cve`=`n`.`mta_cve` AND `p`.`sde_tip_cve`=2
JOIN `gra_sde_cat` `q` ON `q`.`sde_cve`=`o`.`sde_cve`
JOIN `gra_sde_cat` `r` ON `r`.`sde_cve`=`p`.`sde_cve`
JOIN `gra_per_ncn_arc` `s` ON `f`.`per_cve`=`s`.`per_cve`
JOIN `gra_pai_cat` `t` ON `t`.`pai_cve`=`s`.`pai_cve`
JOIN `gra_edo_cat` `v` ON `v`.`edo_cve`=`s`.`edo_cve`
JOIN `srm_per_aval_arc` `w` ON `w`.`ads_cve`=`f`.`ads_cve`
LEFT JOIN `ims_per_nom_arc` `z` ON `z`.`curp`=`a`.`curp`
LEFT JOIN `ims_cnt_tip_cat` `u` ON `u`.`ims_cnt_tip_cve`=`z`.`ims_cnt_tip_cve`
WHERE `f`.`grd_num` != 0
AND `j`.`eml_tip_cve` = 1
AND `a`.`pro_ano` IN (2025)
AND `f`.`mta_ctg_nom` IN (\'CIFRHS - ENARM\')
AND TRIM(CONCAT(i.edo_nom, \' \', h.del_nom)) IN (AGUASCALIENTES)
AND `f`.`esp_nom` IN (\'ANESTESIOLOGIA\')
AND `m`.`gnr_nom` IN (\'MUJER\')
ORDER BY `i`.`edo_cve` DESC, `i`.`edo_nom` DESC, `h`.`del_cve` DESC, `h`.`del_nom` DESC, `f`.`esp_nom` DESC, `g`.`sde_nom` DESC, `f`.`grd_num` DESC, `f`.`per_ap1` DESC, `f`.`per_ap2` DESC, `f`.`per_nom` DESC, `c`.`mta_tip_nom` DESC')
 3 SYSTEMPATH\Database\BaseConnection.php(646): CodeIgniter\Database\BaseConnection->simpleQuery('SELECT `a`.`pro_ano`, `f`.`mta_ctg_nom` AS `categoria`, TRIM(CONCAT(i.edo_nom, \' \', h.del_nom)) AS DELEGACION, CASE WHEN d.esp_tip_cve=1 THEN \'DIRECTA\' ELSE \'RAMA\' END AS TIPO_ESPECIALIDAD, `f`.`esp_nom` AS `ESPECIALIDAD`, `g`.`clues` AS `CLUES`, `g`.`sde_nom` AS `SEDE_ACADEMICA`, `g`.`hsp_niv_cve` AS `NIVEL_DE_ATENCION`, CASE WHEN g.hsp_niv_cve=3 THEN \'UMAE\' ELSE \'DELEGACION\' END AS DELEGACION_UMAE, `f`.`grd_num` AS `GRADO`, `f`.`curp` AS `CURP`, `m`.`gnr_nom` AS `GENERO`, `f`.`reg_cve` AS `FOLIO_IMSS`, `f`.`per_ap1` AS `AP_PATERNO`, `f`.`per_ap2` AS `AP_MATERNO`, `f`.`per_nom` AS `NOMBRE`, `c`.`mta_tip_ali` AS `TIPO`, `t`.`pai_ncn_nom` AS `NACIONALIDAD`, CASE WHEN eml_url IS NULL THEN CONCAT(j.eml_ali, \'@\', k.eml_dmn_nom) ELSE eml_url END AS CORREO, `l`.`tel_ext_num` AS `CELULAR`, `q`.`sde_nom` AS `SEDE`, `r`.`sde_nom` AS `SUBSEDE`, `w`.`aval_nom` AS `AVAL_ACADEMICO`, `z`.`ims_mat` AS `MATRICULA`, `u`.`IMS_CNT_TIP_NOM` AS `CONTRATACION`, `a`.`vlt_num` AS `VUELTA`, `v`.`edo_nom` AS `EDO_NACIMIENTO`, CASE WHEN n.cup_ocu_aud=99 THEN \'se queda en subsede ciclo 2021\' ELSE \'\' END AS NOTA
FROM `srm_per_reg_arc` `a`
JOIN `srm_mta_tip_cat` `c` ON `a`.`mta_tip_cve` = `c`.`mta_tip_cve`
JOIN `srm_esp_cat` `d` ON `a`.`esp_cve`=`d`.`esp_cve`
JOIN `srm_reg_ads_vis` `f` ON `a`.`reg_cve`=`f`.`reg_cve`
JOIN `gra_sde_cat` `g` ON `f`.`sde_cve`=`g`.`sde_cve`
JOIN `ims_del_cat` `h` ON `g`.`del_cve`=`h`.`del_cve`
JOIN `gra_edo_cat` `i` ON `h`.`edo_cve`=`i`.`edo_cve`
LEFT JOIN `gra_per_eml_arc` `j` ON `a`.`curp`=`j`.`curp`
LEFT JOIN `gra_eml_dmn_cat` `k` ON `j`.`eml_dmn_cve`=`k`.`eml_dmn_cve`
LEFT JOIN `gra_per_tel_num_arc` `l` ON `l`.`curp`=`a`.`curp` and `l`.`uso_tip_cve`=1
JOIN `gra_per_gnr_cat` `m` ON `m`.`gnr_cve`=`f`.`gnr_cve`
JOIN `srm_mta_prg_arc` `n` ON `n`.`mta_cve`=`f`.`mta_cve`
JOIN `srm_cur_prg_arc` `o` ON `o`.`mta_cve` = `n`.`mta_cve` AND `o`.`sde_tip_cve` = 1
JOIN `srm_cur_prg_arc` `p` ON `p`.`mta_cve`=`n`.`mta_cve` AND `p`.`sde_tip_cve`=2
JOIN `gra_sde_cat` `q` ON `q`.`sde_cve`=`o`.`sde_cve`
JOIN `gra_sde_cat` `r` ON `r`.`sde_cve`=`p`.`sde_cve`
JOIN `gra_per_ncn_arc` `s` ON `f`.`per_cve`=`s`.`per_cve`
JOIN `gra_pai_cat` `t` ON `t`.`pai_cve`=`s`.`pai_cve`
JOIN `gra_edo_cat` `v` ON `v`.`edo_cve`=`s`.`edo_cve`
JOIN `srm_per_aval_arc` `w` ON `w`.`ads_cve`=`f`.`ads_cve`
LEFT JOIN `ims_per_nom_arc` `z` ON `z`.`curp`=`a`.`curp`
LEFT JOIN `ims_cnt_tip_cat` `u` ON `u`.`ims_cnt_tip_cve`=`z`.`ims_cnt_tip_cve`
WHERE `f`.`grd_num` != 0
AND `j`.`eml_tip_cve` = 1
AND `a`.`pro_ano` IN (2025)
AND `f`.`mta_ctg_nom` IN (\'CIFRHS - ENARM\')
AND TRIM(CONCAT(i.edo_nom, \' \', h.del_nom)) IN (AGUASCALIENTES)
AND `f`.`esp_nom` IN (\'ANESTESIOLOGIA\')
AND `m`.`gnr_nom` IN (\'MUJER\')
ORDER BY `i`.`edo_cve` DESC, `i`.`edo_nom` DESC, `h`.`del_cve` DESC, `h`.`del_nom` DESC, `f`.`esp_nom` DESC, `g`.`sde_nom` DESC, `f`.`grd_num` DESC, `f`.`per_ap1` DESC, `f`.`per_ap2` DESC, `f`.`per_nom` DESC, `c`.`mta_tip_nom` DESC')
 4 SYSTEMPATH\Database\BaseBuilder.php(1649): CodeIgniter\Database\BaseConnection->query('SELECT `a`.`pro_ano`, `f`.`mta_ctg_nom` AS `categoria`, TRIM(CONCAT(i.edo_nom, \' \', h.del_nom)) AS DELEGACION, CASE WHEN d.esp_tip_cve=1 THEN \'DIRECTA\' ELSE \'RAMA\' END AS TIPO_ESPECIALIDAD, `f`.`esp_nom` AS `ESPECIALIDAD`, `g`.`clues` AS `CLUES`, `g`.`sde_nom` AS `SEDE_ACADEMICA`, `g`.`hsp_niv_cve` AS `NIVEL_DE_ATENCION`, CASE WHEN g.hsp_niv_cve=3 THEN \'UMAE\' ELSE \'DELEGACION\' END AS DELEGACION_UMAE, `f`.`grd_num` AS `GRADO`, `f`.`curp` AS `CURP`, `m`.`gnr_nom` AS `GENERO`, `f`.`reg_cve` AS `FOLIO_IMSS`, `f`.`per_ap1` AS `AP_PATERNO`, `f`.`per_ap2` AS `AP_MATERNO`, `f`.`per_nom` AS `NOMBRE`, `c`.`mta_tip_ali` AS `TIPO`, `t`.`pai_ncn_nom` AS `NACIONALIDAD`, CASE WHEN eml_url IS NULL THEN CONCAT(j.eml_ali, \'@\', k.eml_dmn_nom) ELSE eml_url END AS CORREO, `l`.`tel_ext_num` AS `CELULAR`, `q`.`sde_nom` AS `SEDE`, `r`.`sde_nom` AS `SUBSEDE`, `w`.`aval_nom` AS `AVAL_ACADEMICO`, `z`.`ims_mat` AS `MATRICULA`, `u`.`IMS_CNT_TIP_NOM` AS `CONTRATACION`, `a`.`vlt_num` AS `VUELTA`, `v`.`edo_nom` AS `EDO_NACIMIENTO`, CASE WHEN n.cup_ocu_aud=99 THEN \'se queda en subsede ciclo 2021\' ELSE \'\' END AS NOTA
FROM `srm_per_reg_arc` `a`
JOIN `srm_mta_tip_cat` `c` ON `a`.`mta_tip_cve` = `c`.`mta_tip_cve`
JOIN `srm_esp_cat` `d` ON `a`.`esp_cve`=`d`.`esp_cve`
JOIN `srm_reg_ads_vis` `f` ON `a`.`reg_cve`=`f`.`reg_cve`
JOIN `gra_sde_cat` `g` ON `f`.`sde_cve`=`g`.`sde_cve`
JOIN `ims_del_cat` `h` ON `g`.`del_cve`=`h`.`del_cve`
JOIN `gra_edo_cat` `i` ON `h`.`edo_cve`=`i`.`edo_cve`
LEFT JOIN `gra_per_eml_arc` `j` ON `a`.`curp`=`j`.`curp`
LEFT JOIN `gra_eml_dmn_cat` `k` ON `j`.`eml_dmn_cve`=`k`.`eml_dmn_cve`
LEFT JOIN `gra_per_tel_num_arc` `l` ON `l`.`curp`=`a`.`curp` and `l`.`uso_tip_cve`=1
JOIN `gra_per_gnr_cat` `m` ON `m`.`gnr_cve`=`f`.`gnr_cve`
JOIN `srm_mta_prg_arc` `n` ON `n`.`mta_cve`=`f`.`mta_cve`
JOIN `srm_cur_prg_arc` `o` ON `o`.`mta_cve` = `n`.`mta_cve` AND `o`.`sde_tip_cve` = 1
JOIN `srm_cur_prg_arc` `p` ON `p`.`mta_cve`=`n`.`mta_cve` AND `p`.`sde_tip_cve`=2
JOIN `gra_sde_cat` `q` ON `q`.`sde_cve`=`o`.`sde_cve`
JOIN `gra_sde_cat` `r` ON `r`.`sde_cve`=`p`.`sde_cve`
JOIN `gra_per_ncn_arc` `s` ON `f`.`per_cve`=`s`.`per_cve`
JOIN `gra_pai_cat` `t` ON `t`.`pai_cve`=`s`.`pai_cve`
JOIN `gra_edo_cat` `v` ON `v`.`edo_cve`=`s`.`edo_cve`
JOIN `srm_per_aval_arc` `w` ON `w`.`ads_cve`=`f`.`ads_cve`
LEFT JOIN `ims_per_nom_arc` `z` ON `z`.`curp`=`a`.`curp`
LEFT JOIN `ims_cnt_tip_cat` `u` ON `u`.`ims_cnt_tip_cve`=`z`.`ims_cnt_tip_cve`
WHERE `f`.`grd_num` != :f.grd_num:
AND `j`.`eml_tip_cve` = :j.eml_tip_cve:
AND `a`.`pro_ano` IN :a.pro_ano:
AND `f`.`mta_ctg_nom` IN :f.mta_ctg_nom:
AND TRIM(CONCAT(i.edo_nom, \' \', h.del_nom)) IN :TRIM(CONCAT(i.edo_nom, \' \', h.del_nom)):
AND `f`.`esp_nom` IN :f.esp_nom:
AND `m`.`gnr_nom` IN :m.gnr_nom:
ORDER BY `i`.`edo_cve` DESC, `i`.`edo_nom` DESC, `h`.`del_cve` DESC, `h`.`del_nom` DESC, `f`.`esp_nom` DESC, `g`.`sde_nom` DESC, `f`.`grd_num` DESC, `f`.`per_ap1` DESC, `f`.`per_ap2` DESC, `f`.`per_nom` DESC, `c`.`mta_tip_nom` DESC', [...], false)
 5 APPPATH\Models\activosPosgradoModel.php(120): CodeIgniter\Database\BaseBuilder->get()
 6 APPPATH\Controllers\ActivosPosgrado.php(60): App\Models\activosPosgradoModel->obtenerPorCampos([...], [...], [...], [...], [...])
 7 SYSTEMPATH\CodeIgniter.php(933): App\Controllers\ActivosPosgrado->obtenerFila()
 8 SYSTEMPATH\CodeIgniter.php(507): CodeIgniter\CodeIgniter->runController(Object(App\Controllers\ActivosPosgrado))
 9 SYSTEMPATH\CodeIgniter.php(354): CodeIgniter\CodeIgniter->handleRequest(null, Object(Config\Cache), false)
10 SYSTEMPATH\Boot.php(363): CodeIgniter\CodeIgniter->run()
11 SYSTEMPATH\Boot.php(68): CodeIgniter\Boot::runCodeIgniter(Object(CodeIgniter\CodeIgniter))
12 FCPATH\index.php(59): CodeIgniter\Boot::bootWeb(Object(Config\Paths))
CRITICAL - 2026-04-29 19:00:16 --> TypeError: count(): Argument #1 ($value) must be of type Countable|array, null given
[Method: POST, Route: activosPosgrado/obtenerFila]
in APPPATH\Controllers\ActivosPosgrado.php on line 75.
 1 APPPATH\Controllers\ActivosPosgrado.php(75): count(null)
 2 SYSTEMPATH\CodeIgniter.php(933): App\Controllers\ActivosPosgrado->obtenerFila()
 3 SYSTEMPATH\CodeIgniter.php(507): CodeIgniter\CodeIgniter->runController(Object(App\Controllers\ActivosPosgrado))
 4 SYSTEMPATH\CodeIgniter.php(354): CodeIgniter\CodeIgniter->handleRequest(null, Object(Config\Cache), false)
 5 SYSTEMPATH\Boot.php(363): CodeIgniter\CodeIgniter->run()
 6 SYSTEMPATH\Boot.php(68): CodeIgniter\Boot::runCodeIgniter(Object(CodeIgniter\CodeIgniter))
 7 FCPATH\index.php(59): CodeIgniter\Boot::bootWeb(Object(Config\Paths))
CRITICAL - 2026-04-29 19:01:21 --> TypeError: count(): Argument #1 ($value) must be of type Countable|array, null given
[Method: POST, Route: activosPosgrado/obtenerFila]
in APPPATH\Controllers\ActivosPosgrado.php on line 75.
 1 APPPATH\Controllers\ActivosPosgrado.php(75): count(null)
 2 SYSTEMPATH\CodeIgniter.php(933): App\Controllers\ActivosPosgrado->obtenerFila()
 3 SYSTEMPATH\CodeIgniter.php(507): CodeIgniter\CodeIgniter->runController(Object(App\Controllers\ActivosPosgrado))
 4 SYSTEMPATH\CodeIgniter.php(354): CodeIgniter\CodeIgniter->handleRequest(null, Object(Config\Cache), false)
 5 SYSTEMPATH\Boot.php(363): CodeIgniter\CodeIgniter->run()
 6 SYSTEMPATH\Boot.php(68): CodeIgniter\Boot::runCodeIgniter(Object(CodeIgniter\CodeIgniter))
 7 FCPATH\index.php(59): CodeIgniter\Boot::bootWeb(Object(Config\Paths))
ERROR - 2026-04-29 19:05:49 --> mysqli_sql_exception: Unknown column 'AGUASCALIENTES' in 'where clause' in C:\xampp\htdocs\api_siices\system\Database\MySQLi\Connection.php:327
Stack trace:
#0 C:\xampp\htdocs\api_siices\system\Database\MySQLi\Connection.php(327): mysqli->query('SELECT `a`.`pro...', 0)
#1 C:\xampp\htdocs\api_siices\system\Database\BaseConnection.php(729): CodeIgniter\Database\MySQLi\Connection->execute('SELECT `a`.`pro...')
#2 C:\xampp\htdocs\api_siices\system\Database\BaseConnection.php(646): CodeIgniter\Database\BaseConnection->simpleQuery('SELECT `a`.`pro...')
#3 C:\xampp\htdocs\api_siices\system\Database\BaseBuilder.php(1649): CodeIgniter\Database\BaseConnection->query('SELECT `a`.`pro...', Array, false)
#4 C:\xampp\htdocs\api_siices\app\Models\activosPosgradoModel.php(120): CodeIgniter\Database\BaseBuilder->get()
#5 C:\xampp\htdocs\api_siices\app\Controllers\ActivosPosgrado.php(69): App\Models\activosPosgradoModel->obtenerPorCampos(Array, Array, Array, Array, Array)
#6 C:\xampp\htdocs\api_siices\system\CodeIgniter.php(933): App\Controllers\ActivosPosgrado->obtenerFila()
#7 C:\xampp\htdocs\api_siices\system\CodeIgniter.php(507): CodeIgniter\CodeIgniter->runController(Object(App\Controllers\ActivosPosgrado))
#8 C:\xampp\htdocs\api_siices\system\CodeIgniter.php(354): CodeIgniter\CodeIgniter->handleRequest(NULL, Object(Config\Cache), false)
#9 C:\xampp\htdocs\api_siices\system\Boot.php(363): CodeIgniter\CodeIgniter->run()
#10 C:\xampp\htdocs\api_siices\system\Boot.php(68): CodeIgniter\Boot::runCodeIgniter(Object(CodeIgniter\CodeIgniter))
#11 C:\xampp\htdocs\api_siices\public\index.php(59): CodeIgniter\Boot::bootWeb(Object(Config\Paths))
#12 {main}
CRITICAL - 2026-04-29 19:05:49 --> CodeIgniter\Database\Exceptions\DatabaseException: Unknown column 'AGUASCALIENTES' in 'where clause'
[Method: POST, Route: activosPosgrado/obtenerFila]
in SYSTEMPATH\Database\BaseConnection.php on line 684.
 1 SYSTEMPATH\Database\BaseBuilder.php(1649): CodeIgniter\Database\BaseConnection->query('SELECT `a`.`pro_ano`, `f`.`mta_ctg_nom` AS `categoria`, TRIM(CONCAT(i.edo_nom, \' \', h.del_nom)) AS DELEGACION, CASE WHEN d.esp_tip_cve=1 THEN \'DIRECTA\' ELSE \'RAMA\' END AS TIPO_ESPECIALIDAD, `f`.`esp_nom` AS `ESPECIALIDAD`, `g`.`clues` AS `CLUES`, `g`.`sde_nom` AS `SEDE_ACADEMICA`, `g`.`hsp_niv_cve` AS `NIVEL_DE_ATENCION`, CASE WHEN g.hsp_niv_cve=3 THEN \'UMAE\' ELSE \'DELEGACION\' END AS DELEGACION_UMAE, `f`.`grd_num` AS `GRADO`, `f`.`curp` AS `CURP`, `m`.`gnr_nom` AS `GENERO`, `f`.`reg_cve` AS `FOLIO_IMSS`, `f`.`per_ap1` AS `AP_PATERNO`, `f`.`per_ap2` AS `AP_MATERNO`, `f`.`per_nom` AS `NOMBRE`, `c`.`mta_tip_ali` AS `TIPO`, `t`.`pai_ncn_nom` AS `NACIONALIDAD`, CASE WHEN eml_url IS NULL THEN CONCAT(j.eml_ali, \'@\', k.eml_dmn_nom) ELSE eml_url END AS CORREO, `l`.`tel_ext_num` AS `CELULAR`, `q`.`sde_nom` AS `SEDE`, `r`.`sde_nom` AS `SUBSEDE`, `w`.`aval_nom` AS `AVAL_ACADEMICO`, `z`.`ims_mat` AS `MATRICULA`, `u`.`IMS_CNT_TIP_NOM` AS `CONTRATACION`, `a`.`vlt_num` AS `VUELTA`, `v`.`edo_nom` AS `EDO_NACIMIENTO`, CASE WHEN n.cup_ocu_aud=99 THEN \'se queda en subsede ciclo 2021\' ELSE \'\' END AS NOTA
FROM `srm_per_reg_arc` `a`
JOIN `srm_mta_tip_cat` `c` ON `a`.`mta_tip_cve` = `c`.`mta_tip_cve`
JOIN `srm_esp_cat` `d` ON `a`.`esp_cve`=`d`.`esp_cve`
JOIN `srm_reg_ads_vis` `f` ON `a`.`reg_cve`=`f`.`reg_cve`
JOIN `gra_sde_cat` `g` ON `f`.`sde_cve`=`g`.`sde_cve`
JOIN `ims_del_cat` `h` ON `g`.`del_cve`=`h`.`del_cve`
JOIN `gra_edo_cat` `i` ON `h`.`edo_cve`=`i`.`edo_cve`
LEFT JOIN `gra_per_eml_arc` `j` ON `a`.`curp`=`j`.`curp`
LEFT JOIN `gra_eml_dmn_cat` `k` ON `j`.`eml_dmn_cve`=`k`.`eml_dmn_cve`
LEFT JOIN `gra_per_tel_num_arc` `l` ON `l`.`curp`=`a`.`curp` and `l`.`uso_tip_cve`=1
JOIN `gra_per_gnr_cat` `m` ON `m`.`gnr_cve`=`f`.`gnr_cve`
JOIN `srm_mta_prg_arc` `n` ON `n`.`mta_cve`=`f`.`mta_cve`
JOIN `srm_cur_prg_arc` `o` ON `o`.`mta_cve` = `n`.`mta_cve` AND `o`.`sde_tip_cve` = 1
JOIN `srm_cur_prg_arc` `p` ON `p`.`mta_cve`=`n`.`mta_cve` AND `p`.`sde_tip_cve`=2
JOIN `gra_sde_cat` `q` ON `q`.`sde_cve`=`o`.`sde_cve`
JOIN `gra_sde_cat` `r` ON `r`.`sde_cve`=`p`.`sde_cve`
JOIN `gra_per_ncn_arc` `s` ON `f`.`per_cve`=`s`.`per_cve`
JOIN `gra_pai_cat` `t` ON `t`.`pai_cve`=`s`.`pai_cve`
JOIN `gra_edo_cat` `v` ON `v`.`edo_cve`=`s`.`edo_cve`
JOIN `srm_per_aval_arc` `w` ON `w`.`ads_cve`=`f`.`ads_cve`
LEFT JOIN `ims_per_nom_arc` `z` ON `z`.`curp`=`a`.`curp`
LEFT JOIN `ims_cnt_tip_cat` `u` ON `u`.`ims_cnt_tip_cve`=`z`.`ims_cnt_tip_cve`
WHERE `f`.`grd_num` != :f.grd_num:
AND `j`.`eml_tip_cve` = :j.eml_tip_cve:
AND `a`.`pro_ano` IN :a.pro_ano:
AND `f`.`mta_ctg_nom` IN :f.mta_ctg_nom:
AND TRIM(CONCAT(i.edo_nom, \' \', h.del_nom)) IN :TRIM(CONCAT(i.edo_nom, \' \', h.del_nom)):
AND `f`.`esp_nom` IN :f.esp_nom:
AND `m`.`gnr_nom` IN :m.gnr_nom:
ORDER BY `i`.`edo_cve` DESC, `i`.`edo_nom` DESC, `h`.`del_cve` DESC, `h`.`del_nom` DESC, `f`.`esp_nom` DESC, `g`.`sde_nom` DESC, `f`.`grd_num` DESC, `f`.`per_ap1` DESC, `f`.`per_ap2` DESC, `f`.`per_nom` DESC, `c`.`mta_tip_nom` DESC', [...], false)
 2 APPPATH\Models\activosPosgradoModel.php(120): CodeIgniter\Database\BaseBuilder->get()
 3 APPPATH\Controllers\ActivosPosgrado.php(69): App\Models\activosPosgradoModel->obtenerPorCampos([...], [...], [...], [...], [...])
 4 SYSTEMPATH\CodeIgniter.php(933): App\Controllers\ActivosPosgrado->obtenerFila()
 5 SYSTEMPATH\CodeIgniter.php(507): CodeIgniter\CodeIgniter->runController(Object(App\Controllers\ActivosPosgrado))
 6 SYSTEMPATH\CodeIgniter.php(354): CodeIgniter\CodeIgniter->handleRequest(null, Object(Config\Cache), false)
 7 SYSTEMPATH\Boot.php(363): CodeIgniter\CodeIgniter->run()
 8 SYSTEMPATH\Boot.php(68): CodeIgniter\Boot::runCodeIgniter(Object(CodeIgniter\CodeIgniter))
 9 FCPATH\index.php(59): CodeIgniter\Boot::bootWeb(Object(Config\Paths))
CRITICAL - 2026-04-29 19:05:49 --> [Caused by] CodeIgniter\Database\Exceptions\DatabaseException: Unknown column 'AGUASCALIENTES' in 'where clause'
in SYSTEMPATH\Database\MySQLi\Connection.php on line 332.
 1 SYSTEMPATH\Database\BaseConnection.php(729): CodeIgniter\Database\MySQLi\Connection->execute('SELECT `a`.`pro_ano`, `f`.`mta_ctg_nom` AS `categoria`, TRIM(CONCAT(i.edo_nom, \' \', h.del_nom)) AS DELEGACION, CASE WHEN d.esp_tip_cve=1 THEN \'DIRECTA\' ELSE \'RAMA\' END AS TIPO_ESPECIALIDAD, `f`.`esp_nom` AS `ESPECIALIDAD`, `g`.`clues` AS `CLUES`, `g`.`sde_nom` AS `SEDE_ACADEMICA`, `g`.`hsp_niv_cve` AS `NIVEL_DE_ATENCION`, CASE WHEN g.hsp_niv_cve=3 THEN \'UMAE\' ELSE \'DELEGACION\' END AS DELEGACION_UMAE, `f`.`grd_num` AS `GRADO`, `f`.`curp` AS `CURP`, `m`.`gnr_nom` AS `GENERO`, `f`.`reg_cve` AS `FOLIO_IMSS`, `f`.`per_ap1` AS `AP_PATERNO`, `f`.`per_ap2` AS `AP_MATERNO`, `f`.`per_nom` AS `NOMBRE`, `c`.`mta_tip_ali` AS `TIPO`, `t`.`pai_ncn_nom` AS `NACIONALIDAD`, CASE WHEN eml_url IS NULL THEN CONCAT(j.eml_ali, \'@\', k.eml_dmn_nom) ELSE eml_url END AS CORREO, `l`.`tel_ext_num` AS `CELULAR`, `q`.`sde_nom` AS `SEDE`, `r`.`sde_nom` AS `SUBSEDE`, `w`.`aval_nom` AS `AVAL_ACADEMICO`, `z`.`ims_mat` AS `MATRICULA`, `u`.`IMS_CNT_TIP_NOM` AS `CONTRATACION`, `a`.`vlt_num` AS `VUELTA`, `v`.`edo_nom` AS `EDO_NACIMIENTO`, CASE WHEN n.cup_ocu_aud=99 THEN \'se queda en subsede ciclo 2021\' ELSE \'\' END AS NOTA
FROM `srm_per_reg_arc` `a`
JOIN `srm_mta_tip_cat` `c` ON `a`.`mta_tip_cve` = `c`.`mta_tip_cve`
JOIN `srm_esp_cat` `d` ON `a`.`esp_cve`=`d`.`esp_cve`
JOIN `srm_reg_ads_vis` `f` ON `a`.`reg_cve`=`f`.`reg_cve`
JOIN `gra_sde_cat` `g` ON `f`.`sde_cve`=`g`.`sde_cve`
JOIN `ims_del_cat` `h` ON `g`.`del_cve`=`h`.`del_cve`
JOIN `gra_edo_cat` `i` ON `h`.`edo_cve`=`i`.`edo_cve`
LEFT JOIN `gra_per_eml_arc` `j` ON `a`.`curp`=`j`.`curp`
LEFT JOIN `gra_eml_dmn_cat` `k` ON `j`.`eml_dmn_cve`=`k`.`eml_dmn_cve`
LEFT JOIN `gra_per_tel_num_arc` `l` ON `l`.`curp`=`a`.`curp` and `l`.`uso_tip_cve`=1
JOIN `gra_per_gnr_cat` `m` ON `m`.`gnr_cve`=`f`.`gnr_cve`
JOIN `srm_mta_prg_arc` `n` ON `n`.`mta_cve`=`f`.`mta_cve`
JOIN `srm_cur_prg_arc` `o` ON `o`.`mta_cve` = `n`.`mta_cve` AND `o`.`sde_tip_cve` = 1
JOIN `srm_cur_prg_arc` `p` ON `p`.`mta_cve`=`n`.`mta_cve` AND `p`.`sde_tip_cve`=2
JOIN `gra_sde_cat` `q` ON `q`.`sde_cve`=`o`.`sde_cve`
JOIN `gra_sde_cat` `r` ON `r`.`sde_cve`=`p`.`sde_cve`
JOIN `gra_per_ncn_arc` `s` ON `f`.`per_cve`=`s`.`per_cve`
JOIN `gra_pai_cat` `t` ON `t`.`pai_cve`=`s`.`pai_cve`
JOIN `gra_edo_cat` `v` ON `v`.`edo_cve`=`s`.`edo_cve`
JOIN `srm_per_aval_arc` `w` ON `w`.`ads_cve`=`f`.`ads_cve`
LEFT JOIN `ims_per_nom_arc` `z` ON `z`.`curp`=`a`.`curp`
LEFT JOIN `ims_cnt_tip_cat` `u` ON `u`.`ims_cnt_tip_cve`=`z`.`ims_cnt_tip_cve`
WHERE `f`.`grd_num` != 0
AND `j`.`eml_tip_cve` = 1
AND `a`.`pro_ano` IN (2024)
AND `f`.`mta_ctg_nom` IN (\'CIFRHS - ENARM\')
AND TRIM(CONCAT(i.edo_nom, \' \', h.del_nom)) IN (AGUASCALIENTES)
AND `f`.`esp_nom` IN (\'ANESTESIOLOGIA\',\'PEDIATRIA\')
AND `m`.`gnr_nom` IN (\'MUJER\')
ORDER BY `i`.`edo_cve` DESC, `i`.`edo_nom` DESC, `h`.`del_cve` DESC, `h`.`del_nom` DESC, `f`.`esp_nom` DESC, `g`.`sde_nom` DESC, `f`.`grd_num` DESC, `f`.`per_ap1` DESC, `f`.`per_ap2` DESC, `f`.`per_nom` DESC, `c`.`mta_tip_nom` DESC')
 2 SYSTEMPATH\Database\BaseConnection.php(646): CodeIgniter\Database\BaseConnection->simpleQuery('SELECT `a`.`pro_ano`, `f`.`mta_ctg_nom` AS `categoria`, TRIM(CONCAT(i.edo_nom, \' \', h.del_nom)) AS DELEGACION, CASE WHEN d.esp_tip_cve=1 THEN \'DIRECTA\' ELSE \'RAMA\' END AS TIPO_ESPECIALIDAD, `f`.`esp_nom` AS `ESPECIALIDAD`, `g`.`clues` AS `CLUES`, `g`.`sde_nom` AS `SEDE_ACADEMICA`, `g`.`hsp_niv_cve` AS `NIVEL_DE_ATENCION`, CASE WHEN g.hsp_niv_cve=3 THEN \'UMAE\' ELSE \'DELEGACION\' END AS DELEGACION_UMAE, `f`.`grd_num` AS `GRADO`, `f`.`curp` AS `CURP`, `m`.`gnr_nom` AS `GENERO`, `f`.`reg_cve` AS `FOLIO_IMSS`, `f`.`per_ap1` AS `AP_PATERNO`, `f`.`per_ap2` AS `AP_MATERNO`, `f`.`per_nom` AS `NOMBRE`, `c`.`mta_tip_ali` AS `TIPO`, `t`.`pai_ncn_nom` AS `NACIONALIDAD`, CASE WHEN eml_url IS NULL THEN CONCAT(j.eml_ali, \'@\', k.eml_dmn_nom) ELSE eml_url END AS CORREO, `l`.`tel_ext_num` AS `CELULAR`, `q`.`sde_nom` AS `SEDE`, `r`.`sde_nom` AS `SUBSEDE`, `w`.`aval_nom` AS `AVAL_ACADEMICO`, `z`.`ims_mat` AS `MATRICULA`, `u`.`IMS_CNT_TIP_NOM` AS `CONTRATACION`, `a`.`vlt_num` AS `VUELTA`, `v`.`edo_nom` AS `EDO_NACIMIENTO`, CASE WHEN n.cup_ocu_aud=99 THEN \'se queda en subsede ciclo 2021\' ELSE \'\' END AS NOTA
FROM `srm_per_reg_arc` `a`
JOIN `srm_mta_tip_cat` `c` ON `a`.`mta_tip_cve` = `c`.`mta_tip_cve`
JOIN `srm_esp_cat` `d` ON `a`.`esp_cve`=`d`.`esp_cve`
JOIN `srm_reg_ads_vis` `f` ON `a`.`reg_cve`=`f`.`reg_cve`
JOIN `gra_sde_cat` `g` ON `f`.`sde_cve`=`g`.`sde_cve`
JOIN `ims_del_cat` `h` ON `g`.`del_cve`=`h`.`del_cve`
JOIN `gra_edo_cat` `i` ON `h`.`edo_cve`=`i`.`edo_cve`
LEFT JOIN `gra_per_eml_arc` `j` ON `a`.`curp`=`j`.`curp`
LEFT JOIN `gra_eml_dmn_cat` `k` ON `j`.`eml_dmn_cve`=`k`.`eml_dmn_cve`
LEFT JOIN `gra_per_tel_num_arc` `l` ON `l`.`curp`=`a`.`curp` and `l`.`uso_tip_cve`=1
JOIN `gra_per_gnr_cat` `m` ON `m`.`gnr_cve`=`f`.`gnr_cve`
JOIN `srm_mta_prg_arc` `n` ON `n`.`mta_cve`=`f`.`mta_cve`
JOIN `srm_cur_prg_arc` `o` ON `o`.`mta_cve` = `n`.`mta_cve` AND `o`.`sde_tip_cve` = 1
JOIN `srm_cur_prg_arc` `p` ON `p`.`mta_cve`=`n`.`mta_cve` AND `p`.`sde_tip_cve`=2
JOIN `gra_sde_cat` `q` ON `q`.`sde_cve`=`o`.`sde_cve`
JOIN `gra_sde_cat` `r` ON `r`.`sde_cve`=`p`.`sde_cve`
JOIN `gra_per_ncn_arc` `s` ON `f`.`per_cve`=`s`.`per_cve`
JOIN `gra_pai_cat` `t` ON `t`.`pai_cve`=`s`.`pai_cve`
JOIN `gra_edo_cat` `v` ON `v`.`edo_cve`=`s`.`edo_cve`
JOIN `srm_per_aval_arc` `w` ON `w`.`ads_cve`=`f`.`ads_cve`
LEFT JOIN `ims_per_nom_arc` `z` ON `z`.`curp`=`a`.`curp`
LEFT JOIN `ims_cnt_tip_cat` `u` ON `u`.`ims_cnt_tip_cve`=`z`.`ims_cnt_tip_cve`
WHERE `f`.`grd_num` != 0
AND `j`.`eml_tip_cve` = 1
AND `a`.`pro_ano` IN (2024)
AND `f`.`mta_ctg_nom` IN (\'CIFRHS - ENARM\')
AND TRIM(CONCAT(i.edo_nom, \' \', h.del_nom)) IN (AGUASCALIENTES)
AND `f`.`esp_nom` IN (\'ANESTESIOLOGIA\',\'PEDIATRIA\')
AND `m`.`gnr_nom` IN (\'MUJER\')
ORDER BY `i`.`edo_cve` DESC, `i`.`edo_nom` DESC, `h`.`del_cve` DESC, `h`.`del_nom` DESC, `f`.`esp_nom` DESC, `g`.`sde_nom` DESC, `f`.`grd_num` DESC, `f`.`per_ap1` DESC, `f`.`per_ap2` DESC, `f`.`per_nom` DESC, `c`.`mta_tip_nom` DESC')
 3 SYSTEMPATH\Database\BaseBuilder.php(1649): CodeIgniter\Database\BaseConnection->query('SELECT `a`.`pro_ano`, `f`.`mta_ctg_nom` AS `categoria`, TRIM(CONCAT(i.edo_nom, \' \', h.del_nom)) AS DELEGACION, CASE WHEN d.esp_tip_cve=1 THEN \'DIRECTA\' ELSE \'RAMA\' END AS TIPO_ESPECIALIDAD, `f`.`esp_nom` AS `ESPECIALIDAD`, `g`.`clues` AS `CLUES`, `g`.`sde_nom` AS `SEDE_ACADEMICA`, `g`.`hsp_niv_cve` AS `NIVEL_DE_ATENCION`, CASE WHEN g.hsp_niv_cve=3 THEN \'UMAE\' ELSE \'DELEGACION\' END AS DELEGACION_UMAE, `f`.`grd_num` AS `GRADO`, `f`.`curp` AS `CURP`, `m`.`gnr_nom` AS `GENERO`, `f`.`reg_cve` AS `FOLIO_IMSS`, `f`.`per_ap1` AS `AP_PATERNO`, `f`.`per_ap2` AS `AP_MATERNO`, `f`.`per_nom` AS `NOMBRE`, `c`.`mta_tip_ali` AS `TIPO`, `t`.`pai_ncn_nom` AS `NACIONALIDAD`, CASE WHEN eml_url IS NULL THEN CONCAT(j.eml_ali, \'@\', k.eml_dmn_nom) ELSE eml_url END AS CORREO, `l`.`tel_ext_num` AS `CELULAR`, `q`.`sde_nom` AS `SEDE`, `r`.`sde_nom` AS `SUBSEDE`, `w`.`aval_nom` AS `AVAL_ACADEMICO`, `z`.`ims_mat` AS `MATRICULA`, `u`.`IMS_CNT_TIP_NOM` AS `CONTRATACION`, `a`.`vlt_num` AS `VUELTA`, `v`.`edo_nom` AS `EDO_NACIMIENTO`, CASE WHEN n.cup_ocu_aud=99 THEN \'se queda en subsede ciclo 2021\' ELSE \'\' END AS NOTA
FROM `srm_per_reg_arc` `a`
JOIN `srm_mta_tip_cat` `c` ON `a`.`mta_tip_cve` = `c`.`mta_tip_cve`
JOIN `srm_esp_cat` `d` ON `a`.`esp_cve`=`d`.`esp_cve`
JOIN `srm_reg_ads_vis` `f` ON `a`.`reg_cve`=`f`.`reg_cve`
JOIN `gra_sde_cat` `g` ON `f`.`sde_cve`=`g`.`sde_cve`
JOIN `ims_del_cat` `h` ON `g`.`del_cve`=`h`.`del_cve`
JOIN `gra_edo_cat` `i` ON `h`.`edo_cve`=`i`.`edo_cve`
LEFT JOIN `gra_per_eml_arc` `j` ON `a`.`curp`=`j`.`curp`
LEFT JOIN `gra_eml_dmn_cat` `k` ON `j`.`eml_dmn_cve`=`k`.`eml_dmn_cve`
LEFT JOIN `gra_per_tel_num_arc` `l` ON `l`.`curp`=`a`.`curp` and `l`.`uso_tip_cve`=1
JOIN `gra_per_gnr_cat` `m` ON `m`.`gnr_cve`=`f`.`gnr_cve`
JOIN `srm_mta_prg_arc` `n` ON `n`.`mta_cve`=`f`.`mta_cve`
JOIN `srm_cur_prg_arc` `o` ON `o`.`mta_cve` = `n`.`mta_cve` AND `o`.`sde_tip_cve` = 1
JOIN `srm_cur_prg_arc` `p` ON `p`.`mta_cve`=`n`.`mta_cve` AND `p`.`sde_tip_cve`=2
JOIN `gra_sde_cat` `q` ON `q`.`sde_cve`=`o`.`sde_cve`
JOIN `gra_sde_cat` `r` ON `r`.`sde_cve`=`p`.`sde_cve`
JOIN `gra_per_ncn_arc` `s` ON `f`.`per_cve`=`s`.`per_cve`
JOIN `gra_pai_cat` `t` ON `t`.`pai_cve`=`s`.`pai_cve`
JOIN `gra_edo_cat` `v` ON `v`.`edo_cve`=`s`.`edo_cve`
JOIN `srm_per_aval_arc` `w` ON `w`.`ads_cve`=`f`.`ads_cve`
LEFT JOIN `ims_per_nom_arc` `z` ON `z`.`curp`=`a`.`curp`
LEFT JOIN `ims_cnt_tip_cat` `u` ON `u`.`ims_cnt_tip_cve`=`z`.`ims_cnt_tip_cve`
WHERE `f`.`grd_num` != :f.grd_num:
AND `j`.`eml_tip_cve` = :j.eml_tip_cve:
AND `a`.`pro_ano` IN :a.pro_ano:
AND `f`.`mta_ctg_nom` IN :f.mta_ctg_nom:
AND TRIM(CONCAT(i.edo_nom, \' \', h.del_nom)) IN :TRIM(CONCAT(i.edo_nom, \' \', h.del_nom)):
AND `f`.`esp_nom` IN :f.esp_nom:
AND `m`.`gnr_nom` IN :m.gnr_nom:
ORDER BY `i`.`edo_cve` DESC, `i`.`edo_nom` DESC, `h`.`del_cve` DESC, `h`.`del_nom` DESC, `f`.`esp_nom` DESC, `g`.`sde_nom` DESC, `f`.`grd_num` DESC, `f`.`per_ap1` DESC, `f`.`per_ap2` DESC, `f`.`per_nom` DESC, `c`.`mta_tip_nom` DESC', [...], false)
 4 APPPATH\Models\activosPosgradoModel.php(120): CodeIgniter\Database\BaseBuilder->get()
 5 APPPATH\Controllers\ActivosPosgrado.php(69): App\Models\activosPosgradoModel->obtenerPorCampos([...], [...], [...], [...], [...])
 6 SYSTEMPATH\CodeIgniter.php(933): App\Controllers\ActivosPosgrado->obtenerFila()
 7 SYSTEMPATH\CodeIgniter.php(507): CodeIgniter\CodeIgniter->runController(Object(App\Controllers\ActivosPosgrado))
 8 SYSTEMPATH\CodeIgniter.php(354): CodeIgniter\CodeIgniter->handleRequest(null, Object(Config\Cache), false)
 9 SYSTEMPATH\Boot.php(363): CodeIgniter\CodeIgniter->run()
10 SYSTEMPATH\Boot.php(68): CodeIgniter\Boot::runCodeIgniter(Object(CodeIgniter\CodeIgniter))
11 FCPATH\index.php(59): CodeIgniter\Boot::bootWeb(Object(Config\Paths))
CRITICAL - 2026-04-29 19:05:49 --> [Caused by] mysqli_sql_exception: Unknown column 'AGUASCALIENTES' in 'where clause'
in SYSTEMPATH\Database\MySQLi\Connection.php on line 327.
 1 SYSTEMPATH\Database\MySQLi\Connection.php(327): mysqli->query('SELECT `a`.`pro_ano`, `f`.`mta_ctg_nom` AS `categoria`, TRIM(CONCAT(i.edo_nom, \' \', h.del_nom)) AS DELEGACION, CASE WHEN d.esp_tip_cve=1 THEN \'DIRECTA\' ELSE \'RAMA\' END AS TIPO_ESPECIALIDAD, `f`.`esp_nom` AS `ESPECIALIDAD`, `g`.`clues` AS `CLUES`, `g`.`sde_nom` AS `SEDE_ACADEMICA`, `g`.`hsp_niv_cve` AS `NIVEL_DE_ATENCION`, CASE WHEN g.hsp_niv_cve=3 THEN \'UMAE\' ELSE \'DELEGACION\' END AS DELEGACION_UMAE, `f`.`grd_num` AS `GRADO`, `f`.`curp` AS `CURP`, `m`.`gnr_nom` AS `GENERO`, `f`.`reg_cve` AS `FOLIO_IMSS`, `f`.`per_ap1` AS `AP_PATERNO`, `f`.`per_ap2` AS `AP_MATERNO`, `f`.`per_nom` AS `NOMBRE`, `c`.`mta_tip_ali` AS `TIPO`, `t`.`pai_ncn_nom` AS `NACIONALIDAD`, CASE WHEN eml_url IS NULL THEN CONCAT(j.eml_ali, \'@\', k.eml_dmn_nom) ELSE eml_url END AS CORREO, `l`.`tel_ext_num` AS `CELULAR`, `q`.`sde_nom` AS `SEDE`, `r`.`sde_nom` AS `SUBSEDE`, `w`.`aval_nom` AS `AVAL_ACADEMICO`, `z`.`ims_mat` AS `MATRICULA`, `u`.`IMS_CNT_TIP_NOM` AS `CONTRATACION`, `a`.`vlt_num` AS `VUELTA`, `v`.`edo_nom` AS `EDO_NACIMIENTO`, CASE WHEN n.cup_ocu_aud=99 THEN \'se queda en subsede ciclo 2021\' ELSE \'\' END AS NOTA
FROM `srm_per_reg_arc` `a`
JOIN `srm_mta_tip_cat` `c` ON `a`.`mta_tip_cve` = `c`.`mta_tip_cve`
JOIN `srm_esp_cat` `d` ON `a`.`esp_cve`=`d`.`esp_cve`
JOIN `srm_reg_ads_vis` `f` ON `a`.`reg_cve`=`f`.`reg_cve`
JOIN `gra_sde_cat` `g` ON `f`.`sde_cve`=`g`.`sde_cve`
JOIN `ims_del_cat` `h` ON `g`.`del_cve`=`h`.`del_cve`
JOIN `gra_edo_cat` `i` ON `h`.`edo_cve`=`i`.`edo_cve`
LEFT JOIN `gra_per_eml_arc` `j` ON `a`.`curp`=`j`.`curp`
LEFT JOIN `gra_eml_dmn_cat` `k` ON `j`.`eml_dmn_cve`=`k`.`eml_dmn_cve`
LEFT JOIN `gra_per_tel_num_arc` `l` ON `l`.`curp`=`a`.`curp` and `l`.`uso_tip_cve`=1
JOIN `gra_per_gnr_cat` `m` ON `m`.`gnr_cve`=`f`.`gnr_cve`
JOIN `srm_mta_prg_arc` `n` ON `n`.`mta_cve`=`f`.`mta_cve`
JOIN `srm_cur_prg_arc` `o` ON `o`.`mta_cve` = `n`.`mta_cve` AND `o`.`sde_tip_cve` = 1
JOIN `srm_cur_prg_arc` `p` ON `p`.`mta_cve`=`n`.`mta_cve` AND `p`.`sde_tip_cve`=2
JOIN `gra_sde_cat` `q` ON `q`.`sde_cve`=`o`.`sde_cve`
JOIN `gra_sde_cat` `r` ON `r`.`sde_cve`=`p`.`sde_cve`
JOIN `gra_per_ncn_arc` `s` ON `f`.`per_cve`=`s`.`per_cve`
JOIN `gra_pai_cat` `t` ON `t`.`pai_cve`=`s`.`pai_cve`
JOIN `gra_edo_cat` `v` ON `v`.`edo_cve`=`s`.`edo_cve`
JOIN `srm_per_aval_arc` `w` ON `w`.`ads_cve`=`f`.`ads_cve`
LEFT JOIN `ims_per_nom_arc` `z` ON `z`.`curp`=`a`.`curp`
LEFT JOIN `ims_cnt_tip_cat` `u` ON `u`.`ims_cnt_tip_cve`=`z`.`ims_cnt_tip_cve`
WHERE `f`.`grd_num` != 0
AND `j`.`eml_tip_cve` = 1
AND `a`.`pro_ano` IN (2024)
AND `f`.`mta_ctg_nom` IN (\'CIFRHS - ENARM\')
AND TRIM(CONCAT(i.edo_nom, \' \', h.del_nom)) IN (AGUASCALIENTES)
AND `f`.`esp_nom` IN (\'ANESTESIOLOGIA\',\'PEDIATRIA\')
AND `m`.`gnr_nom` IN (\'MUJER\')
ORDER BY `i`.`edo_cve` DESC, `i`.`edo_nom` DESC, `h`.`del_cve` DESC, `h`.`del_nom` DESC, `f`.`esp_nom` DESC, `g`.`sde_nom` DESC, `f`.`grd_num` DESC, `f`.`per_ap1` DESC, `f`.`per_ap2` DESC, `f`.`per_nom` DESC, `c`.`mta_tip_nom` DESC', 0)
 2 SYSTEMPATH\Database\BaseConnection.php(729): CodeIgniter\Database\MySQLi\Connection->execute('SELECT `a`.`pro_ano`, `f`.`mta_ctg_nom` AS `categoria`, TRIM(CONCAT(i.edo_nom, \' \', h.del_nom)) AS DELEGACION, CASE WHEN d.esp_tip_cve=1 THEN \'DIRECTA\' ELSE \'RAMA\' END AS TIPO_ESPECIALIDAD, `f`.`esp_nom` AS `ESPECIALIDAD`, `g`.`clues` AS `CLUES`, `g`.`sde_nom` AS `SEDE_ACADEMICA`, `g`.`hsp_niv_cve` AS `NIVEL_DE_ATENCION`, CASE WHEN g.hsp_niv_cve=3 THEN \'UMAE\' ELSE \'DELEGACION\' END AS DELEGACION_UMAE, `f`.`grd_num` AS `GRADO`, `f`.`curp` AS `CURP`, `m`.`gnr_nom` AS `GENERO`, `f`.`reg_cve` AS `FOLIO_IMSS`, `f`.`per_ap1` AS `AP_PATERNO`, `f`.`per_ap2` AS `AP_MATERNO`, `f`.`per_nom` AS `NOMBRE`, `c`.`mta_tip_ali` AS `TIPO`, `t`.`pai_ncn_nom` AS `NACIONALIDAD`, CASE WHEN eml_url IS NULL THEN CONCAT(j.eml_ali, \'@\', k.eml_dmn_nom) ELSE eml_url END AS CORREO, `l`.`tel_ext_num` AS `CELULAR`, `q`.`sde_nom` AS `SEDE`, `r`.`sde_nom` AS `SUBSEDE`, `w`.`aval_nom` AS `AVAL_ACADEMICO`, `z`.`ims_mat` AS `MATRICULA`, `u`.`IMS_CNT_TIP_NOM` AS `CONTRATACION`, `a`.`vlt_num` AS `VUELTA`, `v`.`edo_nom` AS `EDO_NACIMIENTO`, CASE WHEN n.cup_ocu_aud=99 THEN \'se queda en subsede ciclo 2021\' ELSE \'\' END AS NOTA
FROM `srm_per_reg_arc` `a`
JOIN `srm_mta_tip_cat` `c` ON `a`.`mta_tip_cve` = `c`.`mta_tip_cve`
JOIN `srm_esp_cat` `d` ON `a`.`esp_cve`=`d`.`esp_cve`
JOIN `srm_reg_ads_vis` `f` ON `a`.`reg_cve`=`f`.`reg_cve`
JOIN `gra_sde_cat` `g` ON `f`.`sde_cve`=`g`.`sde_cve`
JOIN `ims_del_cat` `h` ON `g`.`del_cve`=`h`.`del_cve`
JOIN `gra_edo_cat` `i` ON `h`.`edo_cve`=`i`.`edo_cve`
LEFT JOIN `gra_per_eml_arc` `j` ON `a`.`curp`=`j`.`curp`
LEFT JOIN `gra_eml_dmn_cat` `k` ON `j`.`eml_dmn_cve`=`k`.`eml_dmn_cve`
LEFT JOIN `gra_per_tel_num_arc` `l` ON `l`.`curp`=`a`.`curp` and `l`.`uso_tip_cve`=1
JOIN `gra_per_gnr_cat` `m` ON `m`.`gnr_cve`=`f`.`gnr_cve`
JOIN `srm_mta_prg_arc` `n` ON `n`.`mta_cve`=`f`.`mta_cve`
JOIN `srm_cur_prg_arc` `o` ON `o`.`mta_cve` = `n`.`mta_cve` AND `o`.`sde_tip_cve` = 1
JOIN `srm_cur_prg_arc` `p` ON `p`.`mta_cve`=`n`.`mta_cve` AND `p`.`sde_tip_cve`=2
JOIN `gra_sde_cat` `q` ON `q`.`sde_cve`=`o`.`sde_cve`
JOIN `gra_sde_cat` `r` ON `r`.`sde_cve`=`p`.`sde_cve`
JOIN `gra_per_ncn_arc` `s` ON `f`.`per_cve`=`s`.`per_cve`
JOIN `gra_pai_cat` `t` ON `t`.`pai_cve`=`s`.`pai_cve`
JOIN `gra_edo_cat` `v` ON `v`.`edo_cve`=`s`.`edo_cve`
JOIN `srm_per_aval_arc` `w` ON `w`.`ads_cve`=`f`.`ads_cve`
LEFT JOIN `ims_per_nom_arc` `z` ON `z`.`curp`=`a`.`curp`
LEFT JOIN `ims_cnt_tip_cat` `u` ON `u`.`ims_cnt_tip_cve`=`z`.`ims_cnt_tip_cve`
WHERE `f`.`grd_num` != 0
AND `j`.`eml_tip_cve` = 1
AND `a`.`pro_ano` IN (2024)
AND `f`.`mta_ctg_nom` IN (\'CIFRHS - ENARM\')
AND TRIM(CONCAT(i.edo_nom, \' \', h.del_nom)) IN (AGUASCALIENTES)
AND `f`.`esp_nom` IN (\'ANESTESIOLOGIA\',\'PEDIATRIA\')
AND `m`.`gnr_nom` IN (\'MUJER\')
ORDER BY `i`.`edo_cve` DESC, `i`.`edo_nom` DESC, `h`.`del_cve` DESC, `h`.`del_nom` DESC, `f`.`esp_nom` DESC, `g`.`sde_nom` DESC, `f`.`grd_num` DESC, `f`.`per_ap1` DESC, `f`.`per_ap2` DESC, `f`.`per_nom` DESC, `c`.`mta_tip_nom` DESC')
 3 SYSTEMPATH\Database\BaseConnection.php(646): CodeIgniter\Database\BaseConnection->simpleQuery('SELECT `a`.`pro_ano`, `f`.`mta_ctg_nom` AS `categoria`, TRIM(CONCAT(i.edo_nom, \' \', h.del_nom)) AS DELEGACION, CASE WHEN d.esp_tip_cve=1 THEN \'DIRECTA\' ELSE \'RAMA\' END AS TIPO_ESPECIALIDAD, `f`.`esp_nom` AS `ESPECIALIDAD`, `g`.`clues` AS `CLUES`, `g`.`sde_nom` AS `SEDE_ACADEMICA`, `g`.`hsp_niv_cve` AS `NIVEL_DE_ATENCION`, CASE WHEN g.hsp_niv_cve=3 THEN \'UMAE\' ELSE \'DELEGACION\' END AS DELEGACION_UMAE, `f`.`grd_num` AS `GRADO`, `f`.`curp` AS `CURP`, `m`.`gnr_nom` AS `GENERO`, `f`.`reg_cve` AS `FOLIO_IMSS`, `f`.`per_ap1` AS `AP_PATERNO`, `f`.`per_ap2` AS `AP_MATERNO`, `f`.`per_nom` AS `NOMBRE`, `c`.`mta_tip_ali` AS `TIPO`, `t`.`pai_ncn_nom` AS `NACIONALIDAD`, CASE WHEN eml_url IS NULL THEN CONCAT(j.eml_ali, \'@\', k.eml_dmn_nom) ELSE eml_url END AS CORREO, `l`.`tel_ext_num` AS `CELULAR`, `q`.`sde_nom` AS `SEDE`, `r`.`sde_nom` AS `SUBSEDE`, `w`.`aval_nom` AS `AVAL_ACADEMICO`, `z`.`ims_mat` AS `MATRICULA`, `u`.`IMS_CNT_TIP_NOM` AS `CONTRATACION`, `a`.`vlt_num` AS `VUELTA`, `v`.`edo_nom` AS `EDO_NACIMIENTO`, CASE WHEN n.cup_ocu_aud=99 THEN \'se queda en subsede ciclo 2021\' ELSE \'\' END AS NOTA
FROM `srm_per_reg_arc` `a`
JOIN `srm_mta_tip_cat` `c` ON `a`.`mta_tip_cve` = `c`.`mta_tip_cve`
JOIN `srm_esp_cat` `d` ON `a`.`esp_cve`=`d`.`esp_cve`
JOIN `srm_reg_ads_vis` `f` ON `a`.`reg_cve`=`f`.`reg_cve`
JOIN `gra_sde_cat` `g` ON `f`.`sde_cve`=`g`.`sde_cve`
JOIN `ims_del_cat` `h` ON `g`.`del_cve`=`h`.`del_cve`
JOIN `gra_edo_cat` `i` ON `h`.`edo_cve`=`i`.`edo_cve`
LEFT JOIN `gra_per_eml_arc` `j` ON `a`.`curp`=`j`.`curp`
LEFT JOIN `gra_eml_dmn_cat` `k` ON `j`.`eml_dmn_cve`=`k`.`eml_dmn_cve`
LEFT JOIN `gra_per_tel_num_arc` `l` ON `l`.`curp`=`a`.`curp` and `l`.`uso_tip_cve`=1
JOIN `gra_per_gnr_cat` `m` ON `m`.`gnr_cve`=`f`.`gnr_cve`
JOIN `srm_mta_prg_arc` `n` ON `n`.`mta_cve`=`f`.`mta_cve`
JOIN `srm_cur_prg_arc` `o` ON `o`.`mta_cve` = `n`.`mta_cve` AND `o`.`sde_tip_cve` = 1
JOIN `srm_cur_prg_arc` `p` ON `p`.`mta_cve`=`n`.`mta_cve` AND `p`.`sde_tip_cve`=2
JOIN `gra_sde_cat` `q` ON `q`.`sde_cve`=`o`.`sde_cve`
JOIN `gra_sde_cat` `r` ON `r`.`sde_cve`=`p`.`sde_cve`
JOIN `gra_per_ncn_arc` `s` ON `f`.`per_cve`=`s`.`per_cve`
JOIN `gra_pai_cat` `t` ON `t`.`pai_cve`=`s`.`pai_cve`
JOIN `gra_edo_cat` `v` ON `v`.`edo_cve`=`s`.`edo_cve`
JOIN `srm_per_aval_arc` `w` ON `w`.`ads_cve`=`f`.`ads_cve`
LEFT JOIN `ims_per_nom_arc` `z` ON `z`.`curp`=`a`.`curp`
LEFT JOIN `ims_cnt_tip_cat` `u` ON `u`.`ims_cnt_tip_cve`=`z`.`ims_cnt_tip_cve`
WHERE `f`.`grd_num` != 0
AND `j`.`eml_tip_cve` = 1
AND `a`.`pro_ano` IN (2024)
AND `f`.`mta_ctg_nom` IN (\'CIFRHS - ENARM\')
AND TRIM(CONCAT(i.edo_nom, \' \', h.del_nom)) IN (AGUASCALIENTES)
AND `f`.`esp_nom` IN (\'ANESTESIOLOGIA\',\'PEDIATRIA\')
AND `m`.`gnr_nom` IN (\'MUJER\')
ORDER BY `i`.`edo_cve` DESC, `i`.`edo_nom` DESC, `h`.`del_cve` DESC, `h`.`del_nom` DESC, `f`.`esp_nom` DESC, `g`.`sde_nom` DESC, `f`.`grd_num` DESC, `f`.`per_ap1` DESC, `f`.`per_ap2` DESC, `f`.`per_nom` DESC, `c`.`mta_tip_nom` DESC')
 4 SYSTEMPATH\Database\BaseBuilder.php(1649): CodeIgniter\Database\BaseConnection->query('SELECT `a`.`pro_ano`, `f`.`mta_ctg_nom` AS `categoria`, TRIM(CONCAT(i.edo_nom, \' \', h.del_nom)) AS DELEGACION, CASE WHEN d.esp_tip_cve=1 THEN \'DIRECTA\' ELSE \'RAMA\' END AS TIPO_ESPECIALIDAD, `f`.`esp_nom` AS `ESPECIALIDAD`, `g`.`clues` AS `CLUES`, `g`.`sde_nom` AS `SEDE_ACADEMICA`, `g`.`hsp_niv_cve` AS `NIVEL_DE_ATENCION`, CASE WHEN g.hsp_niv_cve=3 THEN \'UMAE\' ELSE \'DELEGACION\' END AS DELEGACION_UMAE, `f`.`grd_num` AS `GRADO`, `f`.`curp` AS `CURP`, `m`.`gnr_nom` AS `GENERO`, `f`.`reg_cve` AS `FOLIO_IMSS`, `f`.`per_ap1` AS `AP_PATERNO`, `f`.`per_ap2` AS `AP_MATERNO`, `f`.`per_nom` AS `NOMBRE`, `c`.`mta_tip_ali` AS `TIPO`, `t`.`pai_ncn_nom` AS `NACIONALIDAD`, CASE WHEN eml_url IS NULL THEN CONCAT(j.eml_ali, \'@\', k.eml_dmn_nom) ELSE eml_url END AS CORREO, `l`.`tel_ext_num` AS `CELULAR`, `q`.`sde_nom` AS `SEDE`, `r`.`sde_nom` AS `SUBSEDE`, `w`.`aval_nom` AS `AVAL_ACADEMICO`, `z`.`ims_mat` AS `MATRICULA`, `u`.`IMS_CNT_TIP_NOM` AS `CONTRATACION`, `a`.`vlt_num` AS `VUELTA`, `v`.`edo_nom` AS `EDO_NACIMIENTO`, CASE WHEN n.cup_ocu_aud=99 THEN \'se queda en subsede ciclo 2021\' ELSE \'\' END AS NOTA
FROM `srm_per_reg_arc` `a`
JOIN `srm_mta_tip_cat` `c` ON `a`.`mta_tip_cve` = `c`.`mta_tip_cve`
JOIN `srm_esp_cat` `d` ON `a`.`esp_cve`=`d`.`esp_cve`
JOIN `srm_reg_ads_vis` `f` ON `a`.`reg_cve`=`f`.`reg_cve`
JOIN `gra_sde_cat` `g` ON `f`.`sde_cve`=`g`.`sde_cve`
JOIN `ims_del_cat` `h` ON `g`.`del_cve`=`h`.`del_cve`
JOIN `gra_edo_cat` `i` ON `h`.`edo_cve`=`i`.`edo_cve`
LEFT JOIN `gra_per_eml_arc` `j` ON `a`.`curp`=`j`.`curp`
LEFT JOIN `gra_eml_dmn_cat` `k` ON `j`.`eml_dmn_cve`=`k`.`eml_dmn_cve`
LEFT JOIN `gra_per_tel_num_arc` `l` ON `l`.`curp`=`a`.`curp` and `l`.`uso_tip_cve`=1
JOIN `gra_per_gnr_cat` `m` ON `m`.`gnr_cve`=`f`.`gnr_cve`
JOIN `srm_mta_prg_arc` `n` ON `n`.`mta_cve`=`f`.`mta_cve`
JOIN `srm_cur_prg_arc` `o` ON `o`.`mta_cve` = `n`.`mta_cve` AND `o`.`sde_tip_cve` = 1
JOIN `srm_cur_prg_arc` `p` ON `p`.`mta_cve`=`n`.`mta_cve` AND `p`.`sde_tip_cve`=2
JOIN `gra_sde_cat` `q` ON `q`.`sde_cve`=`o`.`sde_cve`
JOIN `gra_sde_cat` `r` ON `r`.`sde_cve`=`p`.`sde_cve`
JOIN `gra_per_ncn_arc` `s` ON `f`.`per_cve`=`s`.`per_cve`
JOIN `gra_pai_cat` `t` ON `t`.`pai_cve`=`s`.`pai_cve`
JOIN `gra_edo_cat` `v` ON `v`.`edo_cve`=`s`.`edo_cve`
JOIN `srm_per_aval_arc` `w` ON `w`.`ads_cve`=`f`.`ads_cve`
LEFT JOIN `ims_per_nom_arc` `z` ON `z`.`curp`=`a`.`curp`
LEFT JOIN `ims_cnt_tip_cat` `u` ON `u`.`ims_cnt_tip_cve`=`z`.`ims_cnt_tip_cve`
WHERE `f`.`grd_num` != :f.grd_num:
AND `j`.`eml_tip_cve` = :j.eml_tip_cve:
AND `a`.`pro_ano` IN :a.pro_ano:
AND `f`.`mta_ctg_nom` IN :f.mta_ctg_nom:
AND TRIM(CONCAT(i.edo_nom, \' \', h.del_nom)) IN :TRIM(CONCAT(i.edo_nom, \' \', h.del_nom)):
AND `f`.`esp_nom` IN :f.esp_nom:
AND `m`.`gnr_nom` IN :m.gnr_nom:
ORDER BY `i`.`edo_cve` DESC, `i`.`edo_nom` DESC, `h`.`del_cve` DESC, `h`.`del_nom` DESC, `f`.`esp_nom` DESC, `g`.`sde_nom` DESC, `f`.`grd_num` DESC, `f`.`per_ap1` DESC, `f`.`per_ap2` DESC, `f`.`per_nom` DESC, `c`.`mta_tip_nom` DESC', [...], false)
 5 APPPATH\Models\activosPosgradoModel.php(120): CodeIgniter\Database\BaseBuilder->get()
 6 APPPATH\Controllers\ActivosPosgrado.php(69): App\Models\activosPosgradoModel->obtenerPorCampos([...], [...], [...], [...], [...])
 7 SYSTEMPATH\CodeIgniter.php(933): App\Controllers\ActivosPosgrado->obtenerFila()
 8 SYSTEMPATH\CodeIgniter.php(507): CodeIgniter\CodeIgniter->runController(Object(App\Controllers\ActivosPosgrado))
 9 SYSTEMPATH\CodeIgniter.php(354): CodeIgniter\CodeIgniter->handleRequest(null, Object(Config\Cache), false)
10 SYSTEMPATH\Boot.php(363): CodeIgniter\CodeIgniter->run()
11 SYSTEMPATH\Boot.php(68): CodeIgniter\Boot::runCodeIgniter(Object(CodeIgniter\CodeIgniter))
12 FCPATH\index.php(59): CodeIgniter\Boot::bootWeb(Object(Config\Paths))
ERROR - 2026-04-29 19:07:21 --> mysqli_sql_exception: Unknown column 'AGUASCALIENTES' in 'where clause' in C:\xampp\htdocs\api_siices\system\Database\MySQLi\Connection.php:327
Stack trace:
#0 C:\xampp\htdocs\api_siices\system\Database\MySQLi\Connection.php(327): mysqli->query('SELECT `a`.`pro...', 0)
#1 C:\xampp\htdocs\api_siices\system\Database\BaseConnection.php(729): CodeIgniter\Database\MySQLi\Connection->execute('SELECT `a`.`pro...')
#2 C:\xampp\htdocs\api_siices\system\Database\BaseConnection.php(646): CodeIgniter\Database\BaseConnection->simpleQuery('SELECT `a`.`pro...')
#3 C:\xampp\htdocs\api_siices\system\Database\BaseBuilder.php(1649): CodeIgniter\Database\BaseConnection->query('SELECT `a`.`pro...', Array, false)
#4 C:\xampp\htdocs\api_siices\app\Models\activosPosgradoModel.php(120): CodeIgniter\Database\BaseBuilder->get()
#5 C:\xampp\htdocs\api_siices\app\Controllers\ActivosPosgrado.php(69): App\Models\activosPosgradoModel->obtenerPorCampos(Array, Array, Array, Array, Array)
#6 C:\xampp\htdocs\api_siices\system\CodeIgniter.php(933): App\Controllers\ActivosPosgrado->obtenerFila()
#7 C:\xampp\htdocs\api_siices\system\CodeIgniter.php(507): CodeIgniter\CodeIgniter->runController(Object(App\Controllers\ActivosPosgrado))
#8 C:\xampp\htdocs\api_siices\system\CodeIgniter.php(354): CodeIgniter\CodeIgniter->handleRequest(NULL, Object(Config\Cache), false)
#9 C:\xampp\htdocs\api_siices\system\Boot.php(363): CodeIgniter\CodeIgniter->run()
#10 C:\xampp\htdocs\api_siices\system\Boot.php(68): CodeIgniter\Boot::runCodeIgniter(Object(CodeIgniter\CodeIgniter))
#11 C:\xampp\htdocs\api_siices\public\index.php(59): CodeIgniter\Boot::bootWeb(Object(Config\Paths))
#12 {main}
CRITICAL - 2026-04-29 19:07:21 --> CodeIgniter\Database\Exceptions\DatabaseException: Unknown column 'AGUASCALIENTES' in 'where clause'
[Method: POST, Route: activosPosgrado/obtenerFila]
in SYSTEMPATH\Database\BaseConnection.php on line 684.
 1 SYSTEMPATH\Database\BaseBuilder.php(1649): CodeIgniter\Database\BaseConnection->query('SELECT `a`.`pro_ano`, `f`.`mta_ctg_nom` AS `categoria`, TRIM(CONCAT(i.edo_nom, \' \', h.del_nom)) AS DELEGACION, CASE WHEN d.esp_tip_cve=1 THEN \'DIRECTA\' ELSE \'RAMA\' END AS TIPO_ESPECIALIDAD, `f`.`esp_nom` AS `ESPECIALIDAD`, `g`.`clues` AS `CLUES`, `g`.`sde_nom` AS `SEDE_ACADEMICA`, `g`.`hsp_niv_cve` AS `NIVEL_DE_ATENCION`, CASE WHEN g.hsp_niv_cve=3 THEN \'UMAE\' ELSE \'DELEGACION\' END AS DELEGACION_UMAE, `f`.`grd_num` AS `GRADO`, `f`.`curp` AS `CURP`, `m`.`gnr_nom` AS `GENERO`, `f`.`reg_cve` AS `FOLIO_IMSS`, `f`.`per_ap1` AS `AP_PATERNO`, `f`.`per_ap2` AS `AP_MATERNO`, `f`.`per_nom` AS `NOMBRE`, `c`.`mta_tip_ali` AS `TIPO`, `t`.`pai_ncn_nom` AS `NACIONALIDAD`, CASE WHEN eml_url IS NULL THEN CONCAT(j.eml_ali, \'@\', k.eml_dmn_nom) ELSE eml_url END AS CORREO, `l`.`tel_ext_num` AS `CELULAR`, `q`.`sde_nom` AS `SEDE`, `r`.`sde_nom` AS `SUBSEDE`, `w`.`aval_nom` AS `AVAL_ACADEMICO`, `z`.`ims_mat` AS `MATRICULA`, `u`.`IMS_CNT_TIP_NOM` AS `CONTRATACION`, `a`.`vlt_num` AS `VUELTA`, `v`.`edo_nom` AS `EDO_NACIMIENTO`, CASE WHEN n.cup_ocu_aud=99 THEN \'se queda en subsede ciclo 2021\' ELSE \'\' END AS NOTA
FROM `srm_per_reg_arc` `a`
JOIN `srm_mta_tip_cat` `c` ON `a`.`mta_tip_cve` = `c`.`mta_tip_cve`
JOIN `srm_esp_cat` `d` ON `a`.`esp_cve`=`d`.`esp_cve`
JOIN `srm_reg_ads_vis` `f` ON `a`.`reg_cve`=`f`.`reg_cve`
JOIN `gra_sde_cat` `g` ON `f`.`sde_cve`=`g`.`sde_cve`
JOIN `ims_del_cat` `h` ON `g`.`del_cve`=`h`.`del_cve`
JOIN `gra_edo_cat` `i` ON `h`.`edo_cve`=`i`.`edo_cve`
LEFT JOIN `gra_per_eml_arc` `j` ON `a`.`curp`=`j`.`curp`
LEFT JOIN `gra_eml_dmn_cat` `k` ON `j`.`eml_dmn_cve`=`k`.`eml_dmn_cve`
LEFT JOIN `gra_per_tel_num_arc` `l` ON `l`.`curp`=`a`.`curp` and `l`.`uso_tip_cve`=1
JOIN `gra_per_gnr_cat` `m` ON `m`.`gnr_cve`=`f`.`gnr_cve`
JOIN `srm_mta_prg_arc` `n` ON `n`.`mta_cve`=`f`.`mta_cve`
JOIN `srm_cur_prg_arc` `o` ON `o`.`mta_cve` = `n`.`mta_cve` AND `o`.`sde_tip_cve` = 1
JOIN `srm_cur_prg_arc` `p` ON `p`.`mta_cve`=`n`.`mta_cve` AND `p`.`sde_tip_cve`=2
JOIN `gra_sde_cat` `q` ON `q`.`sde_cve`=`o`.`sde_cve`
JOIN `gra_sde_cat` `r` ON `r`.`sde_cve`=`p`.`sde_cve`
JOIN `gra_per_ncn_arc` `s` ON `f`.`per_cve`=`s`.`per_cve`
JOIN `gra_pai_cat` `t` ON `t`.`pai_cve`=`s`.`pai_cve`
JOIN `gra_edo_cat` `v` ON `v`.`edo_cve`=`s`.`edo_cve`
JOIN `srm_per_aval_arc` `w` ON `w`.`ads_cve`=`f`.`ads_cve`
LEFT JOIN `ims_per_nom_arc` `z` ON `z`.`curp`=`a`.`curp`
LEFT JOIN `ims_cnt_tip_cat` `u` ON `u`.`ims_cnt_tip_cve`=`z`.`ims_cnt_tip_cve`
WHERE `f`.`grd_num` != :f.grd_num:
AND `j`.`eml_tip_cve` = :j.eml_tip_cve:
AND `a`.`pro_ano` IN :a.pro_ano:
AND `f`.`mta_ctg_nom` IN :f.mta_ctg_nom:
AND TRIM(CONCAT(i.edo_nom, \' \', h.del_nom)) IN :TRIM(CONCAT(i.edo_nom, \' \', h.del_nom)):
AND `f`.`esp_nom` IN :f.esp_nom:
AND `m`.`gnr_nom` IN :m.gnr_nom:
ORDER BY `i`.`edo_cve` DESC, `i`.`edo_nom` DESC, `h`.`del_cve` DESC, `h`.`del_nom` DESC, `f`.`esp_nom` DESC, `g`.`sde_nom` DESC, `f`.`grd_num` DESC, `f`.`per_ap1` DESC, `f`.`per_ap2` DESC, `f`.`per_nom` DESC, `c`.`mta_tip_nom` DESC', [...], false)
 2 APPPATH\Models\activosPosgradoModel.php(120): CodeIgniter\Database\BaseBuilder->get()
 3 APPPATH\Controllers\ActivosPosgrado.php(69): App\Models\activosPosgradoModel->obtenerPorCampos([...], [...], [...], [...], [...])
 4 SYSTEMPATH\CodeIgniter.php(933): App\Controllers\ActivosPosgrado->obtenerFila()
 5 SYSTEMPATH\CodeIgniter.php(507): CodeIgniter\CodeIgniter->runController(Object(App\Controllers\ActivosPosgrado))
 6 SYSTEMPATH\CodeIgniter.php(354): CodeIgniter\CodeIgniter->handleRequest(null, Object(Config\Cache), false)
 7 SYSTEMPATH\Boot.php(363): CodeIgniter\CodeIgniter->run()
 8 SYSTEMPATH\Boot.php(68): CodeIgniter\Boot::runCodeIgniter(Object(CodeIgniter\CodeIgniter))
 9 FCPATH\index.php(59): CodeIgniter\Boot::bootWeb(Object(Config\Paths))
CRITICAL - 2026-04-29 19:07:21 --> [Caused by] CodeIgniter\Database\Exceptions\DatabaseException: Unknown column 'AGUASCALIENTES' in 'where clause'
in SYSTEMPATH\Database\MySQLi\Connection.php on line 332.
 1 SYSTEMPATH\Database\BaseConnection.php(729): CodeIgniter\Database\MySQLi\Connection->execute('SELECT `a`.`pro_ano`, `f`.`mta_ctg_nom` AS `categoria`, TRIM(CONCAT(i.edo_nom, \' \', h.del_nom)) AS DELEGACION, CASE WHEN d.esp_tip_cve=1 THEN \'DIRECTA\' ELSE \'RAMA\' END AS TIPO_ESPECIALIDAD, `f`.`esp_nom` AS `ESPECIALIDAD`, `g`.`clues` AS `CLUES`, `g`.`sde_nom` AS `SEDE_ACADEMICA`, `g`.`hsp_niv_cve` AS `NIVEL_DE_ATENCION`, CASE WHEN g.hsp_niv_cve=3 THEN \'UMAE\' ELSE \'DELEGACION\' END AS DELEGACION_UMAE, `f`.`grd_num` AS `GRADO`, `f`.`curp` AS `CURP`, `m`.`gnr_nom` AS `GENERO`, `f`.`reg_cve` AS `FOLIO_IMSS`, `f`.`per_ap1` AS `AP_PATERNO`, `f`.`per_ap2` AS `AP_MATERNO`, `f`.`per_nom` AS `NOMBRE`, `c`.`mta_tip_ali` AS `TIPO`, `t`.`pai_ncn_nom` AS `NACIONALIDAD`, CASE WHEN eml_url IS NULL THEN CONCAT(j.eml_ali, \'@\', k.eml_dmn_nom) ELSE eml_url END AS CORREO, `l`.`tel_ext_num` AS `CELULAR`, `q`.`sde_nom` AS `SEDE`, `r`.`sde_nom` AS `SUBSEDE`, `w`.`aval_nom` AS `AVAL_ACADEMICO`, `z`.`ims_mat` AS `MATRICULA`, `u`.`IMS_CNT_TIP_NOM` AS `CONTRATACION`, `a`.`vlt_num` AS `VUELTA`, `v`.`edo_nom` AS `EDO_NACIMIENTO`, CASE WHEN n.cup_ocu_aud=99 THEN \'se queda en subsede ciclo 2021\' ELSE \'\' END AS NOTA
FROM `srm_per_reg_arc` `a`
JOIN `srm_mta_tip_cat` `c` ON `a`.`mta_tip_cve` = `c`.`mta_tip_cve`
JOIN `srm_esp_cat` `d` ON `a`.`esp_cve`=`d`.`esp_cve`
JOIN `srm_reg_ads_vis` `f` ON `a`.`reg_cve`=`f`.`reg_cve`
JOIN `gra_sde_cat` `g` ON `f`.`sde_cve`=`g`.`sde_cve`
JOIN `ims_del_cat` `h` ON `g`.`del_cve`=`h`.`del_cve`
JOIN `gra_edo_cat` `i` ON `h`.`edo_cve`=`i`.`edo_cve`
LEFT JOIN `gra_per_eml_arc` `j` ON `a`.`curp`=`j`.`curp`
LEFT JOIN `gra_eml_dmn_cat` `k` ON `j`.`eml_dmn_cve`=`k`.`eml_dmn_cve`
LEFT JOIN `gra_per_tel_num_arc` `l` ON `l`.`curp`=`a`.`curp` and `l`.`uso_tip_cve`=1
JOIN `gra_per_gnr_cat` `m` ON `m`.`gnr_cve`=`f`.`gnr_cve`
JOIN `srm_mta_prg_arc` `n` ON `n`.`mta_cve`=`f`.`mta_cve`
JOIN `srm_cur_prg_arc` `o` ON `o`.`mta_cve` = `n`.`mta_cve` AND `o`.`sde_tip_cve` = 1
JOIN `srm_cur_prg_arc` `p` ON `p`.`mta_cve`=`n`.`mta_cve` AND `p`.`sde_tip_cve`=2
JOIN `gra_sde_cat` `q` ON `q`.`sde_cve`=`o`.`sde_cve`
JOIN `gra_sde_cat` `r` ON `r`.`sde_cve`=`p`.`sde_cve`
JOIN `gra_per_ncn_arc` `s` ON `f`.`per_cve`=`s`.`per_cve`
JOIN `gra_pai_cat` `t` ON `t`.`pai_cve`=`s`.`pai_cve`
JOIN `gra_edo_cat` `v` ON `v`.`edo_cve`=`s`.`edo_cve`
JOIN `srm_per_aval_arc` `w` ON `w`.`ads_cve`=`f`.`ads_cve`
LEFT JOIN `ims_per_nom_arc` `z` ON `z`.`curp`=`a`.`curp`
LEFT JOIN `ims_cnt_tip_cat` `u` ON `u`.`ims_cnt_tip_cve`=`z`.`ims_cnt_tip_cve`
WHERE `f`.`grd_num` != 0
AND `j`.`eml_tip_cve` = 1
AND `a`.`pro_ano` IN (\'2025\')
AND `f`.`mta_ctg_nom` IN (\'CIFRHS - ENARM\')
AND TRIM(CONCAT(i.edo_nom, \' \', h.del_nom)) IN (AGUASCALIENTES)
AND `f`.`esp_nom` IN (\'ANESTESIOLOGIA\')
AND `m`.`gnr_nom` IN (\'MUJER\')
ORDER BY `i`.`edo_cve` DESC, `i`.`edo_nom` DESC, `h`.`del_cve` DESC, `h`.`del_nom` DESC, `f`.`esp_nom` DESC, `g`.`sde_nom` DESC, `f`.`grd_num` DESC, `f`.`per_ap1` DESC, `f`.`per_ap2` DESC, `f`.`per_nom` DESC, `c`.`mta_tip_nom` DESC')
 2 SYSTEMPATH\Database\BaseConnection.php(646): CodeIgniter\Database\BaseConnection->simpleQuery('SELECT `a`.`pro_ano`, `f`.`mta_ctg_nom` AS `categoria`, TRIM(CONCAT(i.edo_nom, \' \', h.del_nom)) AS DELEGACION, CASE WHEN d.esp_tip_cve=1 THEN \'DIRECTA\' ELSE \'RAMA\' END AS TIPO_ESPECIALIDAD, `f`.`esp_nom` AS `ESPECIALIDAD`, `g`.`clues` AS `CLUES`, `g`.`sde_nom` AS `SEDE_ACADEMICA`, `g`.`hsp_niv_cve` AS `NIVEL_DE_ATENCION`, CASE WHEN g.hsp_niv_cve=3 THEN \'UMAE\' ELSE \'DELEGACION\' END AS DELEGACION_UMAE, `f`.`grd_num` AS `GRADO`, `f`.`curp` AS `CURP`, `m`.`gnr_nom` AS `GENERO`, `f`.`reg_cve` AS `FOLIO_IMSS`, `f`.`per_ap1` AS `AP_PATERNO`, `f`.`per_ap2` AS `AP_MATERNO`, `f`.`per_nom` AS `NOMBRE`, `c`.`mta_tip_ali` AS `TIPO`, `t`.`pai_ncn_nom` AS `NACIONALIDAD`, CASE WHEN eml_url IS NULL THEN CONCAT(j.eml_ali, \'@\', k.eml_dmn_nom) ELSE eml_url END AS CORREO, `l`.`tel_ext_num` AS `CELULAR`, `q`.`sde_nom` AS `SEDE`, `r`.`sde_nom` AS `SUBSEDE`, `w`.`aval_nom` AS `AVAL_ACADEMICO`, `z`.`ims_mat` AS `MATRICULA`, `u`.`IMS_CNT_TIP_NOM` AS `CONTRATACION`, `a`.`vlt_num` AS `VUELTA`, `v`.`edo_nom` AS `EDO_NACIMIENTO`, CASE WHEN n.cup_ocu_aud=99 THEN \'se queda en subsede ciclo 2021\' ELSE \'\' END AS NOTA
FROM `srm_per_reg_arc` `a`
JOIN `srm_mta_tip_cat` `c` ON `a`.`mta_tip_cve` = `c`.`mta_tip_cve`
JOIN `srm_esp_cat` `d` ON `a`.`esp_cve`=`d`.`esp_cve`
JOIN `srm_reg_ads_vis` `f` ON `a`.`reg_cve`=`f`.`reg_cve`
JOIN `gra_sde_cat` `g` ON `f`.`sde_cve`=`g`.`sde_cve`
JOIN `ims_del_cat` `h` ON `g`.`del_cve`=`h`.`del_cve`
JOIN `gra_edo_cat` `i` ON `h`.`edo_cve`=`i`.`edo_cve`
LEFT JOIN `gra_per_eml_arc` `j` ON `a`.`curp`=`j`.`curp`
LEFT JOIN `gra_eml_dmn_cat` `k` ON `j`.`eml_dmn_cve`=`k`.`eml_dmn_cve`
LEFT JOIN `gra_per_tel_num_arc` `l` ON `l`.`curp`=`a`.`curp` and `l`.`uso_tip_cve`=1
JOIN `gra_per_gnr_cat` `m` ON `m`.`gnr_cve`=`f`.`gnr_cve`
JOIN `srm_mta_prg_arc` `n` ON `n`.`mta_cve`=`f`.`mta_cve`
JOIN `srm_cur_prg_arc` `o` ON `o`.`mta_cve` = `n`.`mta_cve` AND `o`.`sde_tip_cve` = 1
JOIN `srm_cur_prg_arc` `p` ON `p`.`mta_cve`=`n`.`mta_cve` AND `p`.`sde_tip_cve`=2
JOIN `gra_sde_cat` `q` ON `q`.`sde_cve`=`o`.`sde_cve`
JOIN `gra_sde_cat` `r` ON `r`.`sde_cve`=`p`.`sde_cve`
JOIN `gra_per_ncn_arc` `s` ON `f`.`per_cve`=`s`.`per_cve`
JOIN `gra_pai_cat` `t` ON `t`.`pai_cve`=`s`.`pai_cve`
JOIN `gra_edo_cat` `v` ON `v`.`edo_cve`=`s`.`edo_cve`
JOIN `srm_per_aval_arc` `w` ON `w`.`ads_cve`=`f`.`ads_cve`
LEFT JOIN `ims_per_nom_arc` `z` ON `z`.`curp`=`a`.`curp`
LEFT JOIN `ims_cnt_tip_cat` `u` ON `u`.`ims_cnt_tip_cve`=`z`.`ims_cnt_tip_cve`
WHERE `f`.`grd_num` != 0
AND `j`.`eml_tip_cve` = 1
AND `a`.`pro_ano` IN (\'2025\')
AND `f`.`mta_ctg_nom` IN (\'CIFRHS - ENARM\')
AND TRIM(CONCAT(i.edo_nom, \' \', h.del_nom)) IN (AGUASCALIENTES)
AND `f`.`esp_nom` IN (\'ANESTESIOLOGIA\')
AND `m`.`gnr_nom` IN (\'MUJER\')
ORDER BY `i`.`edo_cve` DESC, `i`.`edo_nom` DESC, `h`.`del_cve` DESC, `h`.`del_nom` DESC, `f`.`esp_nom` DESC, `g`.`sde_nom` DESC, `f`.`grd_num` DESC, `f`.`per_ap1` DESC, `f`.`per_ap2` DESC, `f`.`per_nom` DESC, `c`.`mta_tip_nom` DESC')
 3 SYSTEMPATH\Database\BaseBuilder.php(1649): CodeIgniter\Database\BaseConnection->query('SELECT `a`.`pro_ano`, `f`.`mta_ctg_nom` AS `categoria`, TRIM(CONCAT(i.edo_nom, \' \', h.del_nom)) AS DELEGACION, CASE WHEN d.esp_tip_cve=1 THEN \'DIRECTA\' ELSE \'RAMA\' END AS TIPO_ESPECIALIDAD, `f`.`esp_nom` AS `ESPECIALIDAD`, `g`.`clues` AS `CLUES`, `g`.`sde_nom` AS `SEDE_ACADEMICA`, `g`.`hsp_niv_cve` AS `NIVEL_DE_ATENCION`, CASE WHEN g.hsp_niv_cve=3 THEN \'UMAE\' ELSE \'DELEGACION\' END AS DELEGACION_UMAE, `f`.`grd_num` AS `GRADO`, `f`.`curp` AS `CURP`, `m`.`gnr_nom` AS `GENERO`, `f`.`reg_cve` AS `FOLIO_IMSS`, `f`.`per_ap1` AS `AP_PATERNO`, `f`.`per_ap2` AS `AP_MATERNO`, `f`.`per_nom` AS `NOMBRE`, `c`.`mta_tip_ali` AS `TIPO`, `t`.`pai_ncn_nom` AS `NACIONALIDAD`, CASE WHEN eml_url IS NULL THEN CONCAT(j.eml_ali, \'@\', k.eml_dmn_nom) ELSE eml_url END AS CORREO, `l`.`tel_ext_num` AS `CELULAR`, `q`.`sde_nom` AS `SEDE`, `r`.`sde_nom` AS `SUBSEDE`, `w`.`aval_nom` AS `AVAL_ACADEMICO`, `z`.`ims_mat` AS `MATRICULA`, `u`.`IMS_CNT_TIP_NOM` AS `CONTRATACION`, `a`.`vlt_num` AS `VUELTA`, `v`.`edo_nom` AS `EDO_NACIMIENTO`, CASE WHEN n.cup_ocu_aud=99 THEN \'se queda en subsede ciclo 2021\' ELSE \'\' END AS NOTA
FROM `srm_per_reg_arc` `a`
JOIN `srm_mta_tip_cat` `c` ON `a`.`mta_tip_cve` = `c`.`mta_tip_cve`
JOIN `srm_esp_cat` `d` ON `a`.`esp_cve`=`d`.`esp_cve`
JOIN `srm_reg_ads_vis` `f` ON `a`.`reg_cve`=`f`.`reg_cve`
JOIN `gra_sde_cat` `g` ON `f`.`sde_cve`=`g`.`sde_cve`
JOIN `ims_del_cat` `h` ON `g`.`del_cve`=`h`.`del_cve`
JOIN `gra_edo_cat` `i` ON `h`.`edo_cve`=`i`.`edo_cve`
LEFT JOIN `gra_per_eml_arc` `j` ON `a`.`curp`=`j`.`curp`
LEFT JOIN `gra_eml_dmn_cat` `k` ON `j`.`eml_dmn_cve`=`k`.`eml_dmn_cve`
LEFT JOIN `gra_per_tel_num_arc` `l` ON `l`.`curp`=`a`.`curp` and `l`.`uso_tip_cve`=1
JOIN `gra_per_gnr_cat` `m` ON `m`.`gnr_cve`=`f`.`gnr_cve`
JOIN `srm_mta_prg_arc` `n` ON `n`.`mta_cve`=`f`.`mta_cve`
JOIN `srm_cur_prg_arc` `o` ON `o`.`mta_cve` = `n`.`mta_cve` AND `o`.`sde_tip_cve` = 1
JOIN `srm_cur_prg_arc` `p` ON `p`.`mta_cve`=`n`.`mta_cve` AND `p`.`sde_tip_cve`=2
JOIN `gra_sde_cat` `q` ON `q`.`sde_cve`=`o`.`sde_cve`
JOIN `gra_sde_cat` `r` ON `r`.`sde_cve`=`p`.`sde_cve`
JOIN `gra_per_ncn_arc` `s` ON `f`.`per_cve`=`s`.`per_cve`
JOIN `gra_pai_cat` `t` ON `t`.`pai_cve`=`s`.`pai_cve`
JOIN `gra_edo_cat` `v` ON `v`.`edo_cve`=`s`.`edo_cve`
JOIN `srm_per_aval_arc` `w` ON `w`.`ads_cve`=`f`.`ads_cve`
LEFT JOIN `ims_per_nom_arc` `z` ON `z`.`curp`=`a`.`curp`
LEFT JOIN `ims_cnt_tip_cat` `u` ON `u`.`ims_cnt_tip_cve`=`z`.`ims_cnt_tip_cve`
WHERE `f`.`grd_num` != :f.grd_num:
AND `j`.`eml_tip_cve` = :j.eml_tip_cve:
AND `a`.`pro_ano` IN :a.pro_ano:
AND `f`.`mta_ctg_nom` IN :f.mta_ctg_nom:
AND TRIM(CONCAT(i.edo_nom, \' \', h.del_nom)) IN :TRIM(CONCAT(i.edo_nom, \' \', h.del_nom)):
AND `f`.`esp_nom` IN :f.esp_nom:
AND `m`.`gnr_nom` IN :m.gnr_nom:
ORDER BY `i`.`edo_cve` DESC, `i`.`edo_nom` DESC, `h`.`del_cve` DESC, `h`.`del_nom` DESC, `f`.`esp_nom` DESC, `g`.`sde_nom` DESC, `f`.`grd_num` DESC, `f`.`per_ap1` DESC, `f`.`per_ap2` DESC, `f`.`per_nom` DESC, `c`.`mta_tip_nom` DESC', [...], false)
 4 APPPATH\Models\activosPosgradoModel.php(120): CodeIgniter\Database\BaseBuilder->get()
 5 APPPATH\Controllers\ActivosPosgrado.php(69): App\Models\activosPosgradoModel->obtenerPorCampos([...], [...], [...], [...], [...])
 6 SYSTEMPATH\CodeIgniter.php(933): App\Controllers\ActivosPosgrado->obtenerFila()
 7 SYSTEMPATH\CodeIgniter.php(507): CodeIgniter\CodeIgniter->runController(Object(App\Controllers\ActivosPosgrado))
 8 SYSTEMPATH\CodeIgniter.php(354): CodeIgniter\CodeIgniter->handleRequest(null, Object(Config\Cache), false)
 9 SYSTEMPATH\Boot.php(363): CodeIgniter\CodeIgniter->run()
10 SYSTEMPATH\Boot.php(68): CodeIgniter\Boot::runCodeIgniter(Object(CodeIgniter\CodeIgniter))
11 FCPATH\index.php(59): CodeIgniter\Boot::bootWeb(Object(Config\Paths))
CRITICAL - 2026-04-29 19:07:21 --> [Caused by] mysqli_sql_exception: Unknown column 'AGUASCALIENTES' in 'where clause'
in SYSTEMPATH\Database\MySQLi\Connection.php on line 327.
 1 SYSTEMPATH\Database\MySQLi\Connection.php(327): mysqli->query('SELECT `a`.`pro_ano`, `f`.`mta_ctg_nom` AS `categoria`, TRIM(CONCAT(i.edo_nom, \' \', h.del_nom)) AS DELEGACION, CASE WHEN d.esp_tip_cve=1 THEN \'DIRECTA\' ELSE \'RAMA\' END AS TIPO_ESPECIALIDAD, `f`.`esp_nom` AS `ESPECIALIDAD`, `g`.`clues` AS `CLUES`, `g`.`sde_nom` AS `SEDE_ACADEMICA`, `g`.`hsp_niv_cve` AS `NIVEL_DE_ATENCION`, CASE WHEN g.hsp_niv_cve=3 THEN \'UMAE\' ELSE \'DELEGACION\' END AS DELEGACION_UMAE, `f`.`grd_num` AS `GRADO`, `f`.`curp` AS `CURP`, `m`.`gnr_nom` AS `GENERO`, `f`.`reg_cve` AS `FOLIO_IMSS`, `f`.`per_ap1` AS `AP_PATERNO`, `f`.`per_ap2` AS `AP_MATERNO`, `f`.`per_nom` AS `NOMBRE`, `c`.`mta_tip_ali` AS `TIPO`, `t`.`pai_ncn_nom` AS `NACIONALIDAD`, CASE WHEN eml_url IS NULL THEN CONCAT(j.eml_ali, \'@\', k.eml_dmn_nom) ELSE eml_url END AS CORREO, `l`.`tel_ext_num` AS `CELULAR`, `q`.`sde_nom` AS `SEDE`, `r`.`sde_nom` AS `SUBSEDE`, `w`.`aval_nom` AS `AVAL_ACADEMICO`, `z`.`ims_mat` AS `MATRICULA`, `u`.`IMS_CNT_TIP_NOM` AS `CONTRATACION`, `a`.`vlt_num` AS `VUELTA`, `v`.`edo_nom` AS `EDO_NACIMIENTO`, CASE WHEN n.cup_ocu_aud=99 THEN \'se queda en subsede ciclo 2021\' ELSE \'\' END AS NOTA
FROM `srm_per_reg_arc` `a`
JOIN `srm_mta_tip_cat` `c` ON `a`.`mta_tip_cve` = `c`.`mta_tip_cve`
JOIN `srm_esp_cat` `d` ON `a`.`esp_cve`=`d`.`esp_cve`
JOIN `srm_reg_ads_vis` `f` ON `a`.`reg_cve`=`f`.`reg_cve`
JOIN `gra_sde_cat` `g` ON `f`.`sde_cve`=`g`.`sde_cve`
JOIN `ims_del_cat` `h` ON `g`.`del_cve`=`h`.`del_cve`
JOIN `gra_edo_cat` `i` ON `h`.`edo_cve`=`i`.`edo_cve`
LEFT JOIN `gra_per_eml_arc` `j` ON `a`.`curp`=`j`.`curp`
LEFT JOIN `gra_eml_dmn_cat` `k` ON `j`.`eml_dmn_cve`=`k`.`eml_dmn_cve`
LEFT JOIN `gra_per_tel_num_arc` `l` ON `l`.`curp`=`a`.`curp` and `l`.`uso_tip_cve`=1
JOIN `gra_per_gnr_cat` `m` ON `m`.`gnr_cve`=`f`.`gnr_cve`
JOIN `srm_mta_prg_arc` `n` ON `n`.`mta_cve`=`f`.`mta_cve`
JOIN `srm_cur_prg_arc` `o` ON `o`.`mta_cve` = `n`.`mta_cve` AND `o`.`sde_tip_cve` = 1
JOIN `srm_cur_prg_arc` `p` ON `p`.`mta_cve`=`n`.`mta_cve` AND `p`.`sde_tip_cve`=2
JOIN `gra_sde_cat` `q` ON `q`.`sde_cve`=`o`.`sde_cve`
JOIN `gra_sde_cat` `r` ON `r`.`sde_cve`=`p`.`sde_cve`
JOIN `gra_per_ncn_arc` `s` ON `f`.`per_cve`=`s`.`per_cve`
JOIN `gra_pai_cat` `t` ON `t`.`pai_cve`=`s`.`pai_cve`
JOIN `gra_edo_cat` `v` ON `v`.`edo_cve`=`s`.`edo_cve`
JOIN `srm_per_aval_arc` `w` ON `w`.`ads_cve`=`f`.`ads_cve`
LEFT JOIN `ims_per_nom_arc` `z` ON `z`.`curp`=`a`.`curp`
LEFT JOIN `ims_cnt_tip_cat` `u` ON `u`.`ims_cnt_tip_cve`=`z`.`ims_cnt_tip_cve`
WHERE `f`.`grd_num` != 0
AND `j`.`eml_tip_cve` = 1
AND `a`.`pro_ano` IN (\'2025\')
AND `f`.`mta_ctg_nom` IN (\'CIFRHS - ENARM\')
AND TRIM(CONCAT(i.edo_nom, \' \', h.del_nom)) IN (AGUASCALIENTES)
AND `f`.`esp_nom` IN (\'ANESTESIOLOGIA\')
AND `m`.`gnr_nom` IN (\'MUJER\')
ORDER BY `i`.`edo_cve` DESC, `i`.`edo_nom` DESC, `h`.`del_cve` DESC, `h`.`del_nom` DESC, `f`.`esp_nom` DESC, `g`.`sde_nom` DESC, `f`.`grd_num` DESC, `f`.`per_ap1` DESC, `f`.`per_ap2` DESC, `f`.`per_nom` DESC, `c`.`mta_tip_nom` DESC', 0)
 2 SYSTEMPATH\Database\BaseConnection.php(729): CodeIgniter\Database\MySQLi\Connection->execute('SELECT `a`.`pro_ano`, `f`.`mta_ctg_nom` AS `categoria`, TRIM(CONCAT(i.edo_nom, \' \', h.del_nom)) AS DELEGACION, CASE WHEN d.esp_tip_cve=1 THEN \'DIRECTA\' ELSE \'RAMA\' END AS TIPO_ESPECIALIDAD, `f`.`esp_nom` AS `ESPECIALIDAD`, `g`.`clues` AS `CLUES`, `g`.`sde_nom` AS `SEDE_ACADEMICA`, `g`.`hsp_niv_cve` AS `NIVEL_DE_ATENCION`, CASE WHEN g.hsp_niv_cve=3 THEN \'UMAE\' ELSE \'DELEGACION\' END AS DELEGACION_UMAE, `f`.`grd_num` AS `GRADO`, `f`.`curp` AS `CURP`, `m`.`gnr_nom` AS `GENERO`, `f`.`reg_cve` AS `FOLIO_IMSS`, `f`.`per_ap1` AS `AP_PATERNO`, `f`.`per_ap2` AS `AP_MATERNO`, `f`.`per_nom` AS `NOMBRE`, `c`.`mta_tip_ali` AS `TIPO`, `t`.`pai_ncn_nom` AS `NACIONALIDAD`, CASE WHEN eml_url IS NULL THEN CONCAT(j.eml_ali, \'@\', k.eml_dmn_nom) ELSE eml_url END AS CORREO, `l`.`tel_ext_num` AS `CELULAR`, `q`.`sde_nom` AS `SEDE`, `r`.`sde_nom` AS `SUBSEDE`, `w`.`aval_nom` AS `AVAL_ACADEMICO`, `z`.`ims_mat` AS `MATRICULA`, `u`.`IMS_CNT_TIP_NOM` AS `CONTRATACION`, `a`.`vlt_num` AS `VUELTA`, `v`.`edo_nom` AS `EDO_NACIMIENTO`, CASE WHEN n.cup_ocu_aud=99 THEN \'se queda en subsede ciclo 2021\' ELSE \'\' END AS NOTA
FROM `srm_per_reg_arc` `a`
JOIN `srm_mta_tip_cat` `c` ON `a`.`mta_tip_cve` = `c`.`mta_tip_cve`
JOIN `srm_esp_cat` `d` ON `a`.`esp_cve`=`d`.`esp_cve`
JOIN `srm_reg_ads_vis` `f` ON `a`.`reg_cve`=`f`.`reg_cve`
JOIN `gra_sde_cat` `g` ON `f`.`sde_cve`=`g`.`sde_cve`
JOIN `ims_del_cat` `h` ON `g`.`del_cve`=`h`.`del_cve`
JOIN `gra_edo_cat` `i` ON `h`.`edo_cve`=`i`.`edo_cve`
LEFT JOIN `gra_per_eml_arc` `j` ON `a`.`curp`=`j`.`curp`
LEFT JOIN `gra_eml_dmn_cat` `k` ON `j`.`eml_dmn_cve`=`k`.`eml_dmn_cve`
LEFT JOIN `gra_per_tel_num_arc` `l` ON `l`.`curp`=`a`.`curp` and `l`.`uso_tip_cve`=1
JOIN `gra_per_gnr_cat` `m` ON `m`.`gnr_cve`=`f`.`gnr_cve`
JOIN `srm_mta_prg_arc` `n` ON `n`.`mta_cve`=`f`.`mta_cve`
JOIN `srm_cur_prg_arc` `o` ON `o`.`mta_cve` = `n`.`mta_cve` AND `o`.`sde_tip_cve` = 1
JOIN `srm_cur_prg_arc` `p` ON `p`.`mta_cve`=`n`.`mta_cve` AND `p`.`sde_tip_cve`=2
JOIN `gra_sde_cat` `q` ON `q`.`sde_cve`=`o`.`sde_cve`
JOIN `gra_sde_cat` `r` ON `r`.`sde_cve`=`p`.`sde_cve`
JOIN `gra_per_ncn_arc` `s` ON `f`.`per_cve`=`s`.`per_cve`
JOIN `gra_pai_cat` `t` ON `t`.`pai_cve`=`s`.`pai_cve`
JOIN `gra_edo_cat` `v` ON `v`.`edo_cve`=`s`.`edo_cve`
JOIN `srm_per_aval_arc` `w` ON `w`.`ads_cve`=`f`.`ads_cve`
LEFT JOIN `ims_per_nom_arc` `z` ON `z`.`curp`=`a`.`curp`
LEFT JOIN `ims_cnt_tip_cat` `u` ON `u`.`ims_cnt_tip_cve`=`z`.`ims_cnt_tip_cve`
WHERE `f`.`grd_num` != 0
AND `j`.`eml_tip_cve` = 1
AND `a`.`pro_ano` IN (\'2025\')
AND `f`.`mta_ctg_nom` IN (\'CIFRHS - ENARM\')
AND TRIM(CONCAT(i.edo_nom, \' \', h.del_nom)) IN (AGUASCALIENTES)
AND `f`.`esp_nom` IN (\'ANESTESIOLOGIA\')
AND `m`.`gnr_nom` IN (\'MUJER\')
ORDER BY `i`.`edo_cve` DESC, `i`.`edo_nom` DESC, `h`.`del_cve` DESC, `h`.`del_nom` DESC, `f`.`esp_nom` DESC, `g`.`sde_nom` DESC, `f`.`grd_num` DESC, `f`.`per_ap1` DESC, `f`.`per_ap2` DESC, `f`.`per_nom` DESC, `c`.`mta_tip_nom` DESC')
 3 SYSTEMPATH\Database\BaseConnection.php(646): CodeIgniter\Database\BaseConnection->simpleQuery('SELECT `a`.`pro_ano`, `f`.`mta_ctg_nom` AS `categoria`, TRIM(CONCAT(i.edo_nom, \' \', h.del_nom)) AS DELEGACION, CASE WHEN d.esp_tip_cve=1 THEN \'DIRECTA\' ELSE \'RAMA\' END AS TIPO_ESPECIALIDAD, `f`.`esp_nom` AS `ESPECIALIDAD`, `g`.`clues` AS `CLUES`, `g`.`sde_nom` AS `SEDE_ACADEMICA`, `g`.`hsp_niv_cve` AS `NIVEL_DE_ATENCION`, CASE WHEN g.hsp_niv_cve=3 THEN \'UMAE\' ELSE \'DELEGACION\' END AS DELEGACION_UMAE, `f`.`grd_num` AS `GRADO`, `f`.`curp` AS `CURP`, `m`.`gnr_nom` AS `GENERO`, `f`.`reg_cve` AS `FOLIO_IMSS`, `f`.`per_ap1` AS `AP_PATERNO`, `f`.`per_ap2` AS `AP_MATERNO`, `f`.`per_nom` AS `NOMBRE`, `c`.`mta_tip_ali` AS `TIPO`, `t`.`pai_ncn_nom` AS `NACIONALIDAD`, CASE WHEN eml_url IS NULL THEN CONCAT(j.eml_ali, \'@\', k.eml_dmn_nom) ELSE eml_url END AS CORREO, `l`.`tel_ext_num` AS `CELULAR`, `q`.`sde_nom` AS `SEDE`, `r`.`sde_nom` AS `SUBSEDE`, `w`.`aval_nom` AS `AVAL_ACADEMICO`, `z`.`ims_mat` AS `MATRICULA`, `u`.`IMS_CNT_TIP_NOM` AS `CONTRATACION`, `a`.`vlt_num` AS `VUELTA`, `v`.`edo_nom` AS `EDO_NACIMIENTO`, CASE WHEN n.cup_ocu_aud=99 THEN \'se queda en subsede ciclo 2021\' ELSE \'\' END AS NOTA
FROM `srm_per_reg_arc` `a`
JOIN `srm_mta_tip_cat` `c` ON `a`.`mta_tip_cve` = `c`.`mta_tip_cve`
JOIN `srm_esp_cat` `d` ON `a`.`esp_cve`=`d`.`esp_cve`
JOIN `srm_reg_ads_vis` `f` ON `a`.`reg_cve`=`f`.`reg_cve`
JOIN `gra_sde_cat` `g` ON `f`.`sde_cve`=`g`.`sde_cve`
JOIN `ims_del_cat` `h` ON `g`.`del_cve`=`h`.`del_cve`
JOIN `gra_edo_cat` `i` ON `h`.`edo_cve`=`i`.`edo_cve`
LEFT JOIN `gra_per_eml_arc` `j` ON `a`.`curp`=`j`.`curp`
LEFT JOIN `gra_eml_dmn_cat` `k` ON `j`.`eml_dmn_cve`=`k`.`eml_dmn_cve`
LEFT JOIN `gra_per_tel_num_arc` `l` ON `l`.`curp`=`a`.`curp` and `l`.`uso_tip_cve`=1
JOIN `gra_per_gnr_cat` `m` ON `m`.`gnr_cve`=`f`.`gnr_cve`
JOIN `srm_mta_prg_arc` `n` ON `n`.`mta_cve`=`f`.`mta_cve`
JOIN `srm_cur_prg_arc` `o` ON `o`.`mta_cve` = `n`.`mta_cve` AND `o`.`sde_tip_cve` = 1
JOIN `srm_cur_prg_arc` `p` ON `p`.`mta_cve`=`n`.`mta_cve` AND `p`.`sde_tip_cve`=2
JOIN `gra_sde_cat` `q` ON `q`.`sde_cve`=`o`.`sde_cve`
JOIN `gra_sde_cat` `r` ON `r`.`sde_cve`=`p`.`sde_cve`
JOIN `gra_per_ncn_arc` `s` ON `f`.`per_cve`=`s`.`per_cve`
JOIN `gra_pai_cat` `t` ON `t`.`pai_cve`=`s`.`pai_cve`
JOIN `gra_edo_cat` `v` ON `v`.`edo_cve`=`s`.`edo_cve`
JOIN `srm_per_aval_arc` `w` ON `w`.`ads_cve`=`f`.`ads_cve`
LEFT JOIN `ims_per_nom_arc` `z` ON `z`.`curp`=`a`.`curp`
LEFT JOIN `ims_cnt_tip_cat` `u` ON `u`.`ims_cnt_tip_cve`=`z`.`ims_cnt_tip_cve`
WHERE `f`.`grd_num` != 0
AND `j`.`eml_tip_cve` = 1
AND `a`.`pro_ano` IN (\'2025\')
AND `f`.`mta_ctg_nom` IN (\'CIFRHS - ENARM\')
AND TRIM(CONCAT(i.edo_nom, \' \', h.del_nom)) IN (AGUASCALIENTES)
AND `f`.`esp_nom` IN (\'ANESTESIOLOGIA\')
AND `m`.`gnr_nom` IN (\'MUJER\')
ORDER BY `i`.`edo_cve` DESC, `i`.`edo_nom` DESC, `h`.`del_cve` DESC, `h`.`del_nom` DESC, `f`.`esp_nom` DESC, `g`.`sde_nom` DESC, `f`.`grd_num` DESC, `f`.`per_ap1` DESC, `f`.`per_ap2` DESC, `f`.`per_nom` DESC, `c`.`mta_tip_nom` DESC')
 4 SYSTEMPATH\Database\BaseBuilder.php(1649): CodeIgniter\Database\BaseConnection->query('SELECT `a`.`pro_ano`, `f`.`mta_ctg_nom` AS `categoria`, TRIM(CONCAT(i.edo_nom, \' \', h.del_nom)) AS DELEGACION, CASE WHEN d.esp_tip_cve=1 THEN \'DIRECTA\' ELSE \'RAMA\' END AS TIPO_ESPECIALIDAD, `f`.`esp_nom` AS `ESPECIALIDAD`, `g`.`clues` AS `CLUES`, `g`.`sde_nom` AS `SEDE_ACADEMICA`, `g`.`hsp_niv_cve` AS `NIVEL_DE_ATENCION`, CASE WHEN g.hsp_niv_cve=3 THEN \'UMAE\' ELSE \'DELEGACION\' END AS DELEGACION_UMAE, `f`.`grd_num` AS `GRADO`, `f`.`curp` AS `CURP`, `m`.`gnr_nom` AS `GENERO`, `f`.`reg_cve` AS `FOLIO_IMSS`, `f`.`per_ap1` AS `AP_PATERNO`, `f`.`per_ap2` AS `AP_MATERNO`, `f`.`per_nom` AS `NOMBRE`, `c`.`mta_tip_ali` AS `TIPO`, `t`.`pai_ncn_nom` AS `NACIONALIDAD`, CASE WHEN eml_url IS NULL THEN CONCAT(j.eml_ali, \'@\', k.eml_dmn_nom) ELSE eml_url END AS CORREO, `l`.`tel_ext_num` AS `CELULAR`, `q`.`sde_nom` AS `SEDE`, `r`.`sde_nom` AS `SUBSEDE`, `w`.`aval_nom` AS `AVAL_ACADEMICO`, `z`.`ims_mat` AS `MATRICULA`, `u`.`IMS_CNT_TIP_NOM` AS `CONTRATACION`, `a`.`vlt_num` AS `VUELTA`, `v`.`edo_nom` AS `EDO_NACIMIENTO`, CASE WHEN n.cup_ocu_aud=99 THEN \'se queda en subsede ciclo 2021\' ELSE \'\' END AS NOTA
FROM `srm_per_reg_arc` `a`
JOIN `srm_mta_tip_cat` `c` ON `a`.`mta_tip_cve` = `c`.`mta_tip_cve`
JOIN `srm_esp_cat` `d` ON `a`.`esp_cve`=`d`.`esp_cve`
JOIN `srm_reg_ads_vis` `f` ON `a`.`reg_cve`=`f`.`reg_cve`
JOIN `gra_sde_cat` `g` ON `f`.`sde_cve`=`g`.`sde_cve`
JOIN `ims_del_cat` `h` ON `g`.`del_cve`=`h`.`del_cve`
JOIN `gra_edo_cat` `i` ON `h`.`edo_cve`=`i`.`edo_cve`
LEFT JOIN `gra_per_eml_arc` `j` ON `a`.`curp`=`j`.`curp`
LEFT JOIN `gra_eml_dmn_cat` `k` ON `j`.`eml_dmn_cve`=`k`.`eml_dmn_cve`
LEFT JOIN `gra_per_tel_num_arc` `l` ON `l`.`curp`=`a`.`curp` and `l`.`uso_tip_cve`=1
JOIN `gra_per_gnr_cat` `m` ON `m`.`gnr_cve`=`f`.`gnr_cve`
JOIN `srm_mta_prg_arc` `n` ON `n`.`mta_cve`=`f`.`mta_cve`
JOIN `srm_cur_prg_arc` `o` ON `o`.`mta_cve` = `n`.`mta_cve` AND `o`.`sde_tip_cve` = 1
JOIN `srm_cur_prg_arc` `p` ON `p`.`mta_cve`=`n`.`mta_cve` AND `p`.`sde_tip_cve`=2
JOIN `gra_sde_cat` `q` ON `q`.`sde_cve`=`o`.`sde_cve`
JOIN `gra_sde_cat` `r` ON `r`.`sde_cve`=`p`.`sde_cve`
JOIN `gra_per_ncn_arc` `s` ON `f`.`per_cve`=`s`.`per_cve`
JOIN `gra_pai_cat` `t` ON `t`.`pai_cve`=`s`.`pai_cve`
JOIN `gra_edo_cat` `v` ON `v`.`edo_cve`=`s`.`edo_cve`
JOIN `srm_per_aval_arc` `w` ON `w`.`ads_cve`=`f`.`ads_cve`
LEFT JOIN `ims_per_nom_arc` `z` ON `z`.`curp`=`a`.`curp`
LEFT JOIN `ims_cnt_tip_cat` `u` ON `u`.`ims_cnt_tip_cve`=`z`.`ims_cnt_tip_cve`
WHERE `f`.`grd_num` != :f.grd_num:
AND `j`.`eml_tip_cve` = :j.eml_tip_cve:
AND `a`.`pro_ano` IN :a.pro_ano:
AND `f`.`mta_ctg_nom` IN :f.mta_ctg_nom:
AND TRIM(CONCAT(i.edo_nom, \' \', h.del_nom)) IN :TRIM(CONCAT(i.edo_nom, \' \', h.del_nom)):
AND `f`.`esp_nom` IN :f.esp_nom:
AND `m`.`gnr_nom` IN :m.gnr_nom:
ORDER BY `i`.`edo_cve` DESC, `i`.`edo_nom` DESC, `h`.`del_cve` DESC, `h`.`del_nom` DESC, `f`.`esp_nom` DESC, `g`.`sde_nom` DESC, `f`.`grd_num` DESC, `f`.`per_ap1` DESC, `f`.`per_ap2` DESC, `f`.`per_nom` DESC, `c`.`mta_tip_nom` DESC', [...], false)
 5 APPPATH\Models\activosPosgradoModel.php(120): CodeIgniter\Database\BaseBuilder->get()
 6 APPPATH\Controllers\ActivosPosgrado.php(69): App\Models\activosPosgradoModel->obtenerPorCampos([...], [...], [...], [...], [...])
 7 SYSTEMPATH\CodeIgniter.php(933): App\Controllers\ActivosPosgrado->obtenerFila()
 8 SYSTEMPATH\CodeIgniter.php(507): CodeIgniter\CodeIgniter->runController(Object(App\Controllers\ActivosPosgrado))
 9 SYSTEMPATH\CodeIgniter.php(354): CodeIgniter\CodeIgniter->handleRequest(null, Object(Config\Cache), false)
10 SYSTEMPATH\Boot.php(363): CodeIgniter\CodeIgniter->run()
11 SYSTEMPATH\Boot.php(68): CodeIgniter\Boot::runCodeIgniter(Object(CodeIgniter\CodeIgniter))
12 FCPATH\index.php(59): CodeIgniter\Boot::bootWeb(Object(Config\Paths))
CRITICAL - 2026-04-29 19:12:01 --> CodeIgniter\HTTP\Exceptions\HTTPException: Failed to parse JSON string. Error: Syntax error
[Method: POST, Route: activosPosgrado/obtenerFila]
in SYSTEMPATH\HTTP\IncomingRequest.php on line 534.
 1 SYSTEMPATH\HTTP\IncomingRequest.php(534): CodeIgniter\HTTP\Exceptions\HTTPException::forInvalidJSON('Syntax error')
 2 APPPATH\Controllers\ActivosPosgrado.php(43): CodeIgniter\HTTP\IncomingRequest->getJSON(true)
 3 SYSTEMPATH\CodeIgniter.php(933): App\Controllers\ActivosPosgrado->obtenerFila()
 4 SYSTEMPATH\CodeIgniter.php(507): CodeIgniter\CodeIgniter->runController(Object(App\Controllers\ActivosPosgrado))
 5 SYSTEMPATH\CodeIgniter.php(354): CodeIgniter\CodeIgniter->handleRequest(null, Object(Config\Cache), false)
 6 SYSTEMPATH\Boot.php(363): CodeIgniter\CodeIgniter->run()
 7 SYSTEMPATH\Boot.php(68): CodeIgniter\Boot::runCodeIgniter(Object(CodeIgniter\CodeIgniter))
 8 FCPATH\index.php(59): CodeIgniter\Boot::bootWeb(Object(Config\Paths))
ERROR - 2026-04-29 19:14:49 --> mysqli_sql_exception: You have an error in your SQL syntax; check the manual that corresponds to your MySQL server version for the right syntax to use near '`=` IN (2024)
AND TRIM(CONCAT(i.edo_nom, ' ', h.del_nom)) IN ('AGUASCALIENTES','' at line 26 in C:\xampp\htdocs\api_siices\system\Database\MySQLi\Connection.php:327
Stack trace:
#0 C:\xampp\htdocs\api_siices\system\Database\MySQLi\Connection.php(327): mysqli->query('SELECT f.cur_an...', 0)
#1 C:\xampp\htdocs\api_siices\system\Database\BaseConnection.php(729): CodeIgniter\Database\MySQLi\Connection->execute('SELECT f.cur_an...')
#2 C:\xampp\htdocs\api_siices\system\Database\BaseConnection.php(646): CodeIgniter\Database\BaseConnection->simpleQuery('SELECT f.cur_an...')
#3 C:\xampp\htdocs\api_siices\system\Database\BaseBuilder.php(1649): CodeIgniter\Database\BaseConnection->query('SELECT f.cur_an...', Array, false)
#4 C:\xampp\htdocs\api_siices\app\Models\egresadosModel.php(78): CodeIgniter\Database\BaseBuilder->get()
#5 C:\xampp\htdocs\api_siices\app\Controllers\Egresados.php(59): App\Models\egresadosModel->obtenerPorCampos(Array, NULL, Array, NULL, Array)
#6 C:\xampp\htdocs\api_siices\system\CodeIgniter.php(933): App\Controllers\Egresados->obtenerFila()
#7 C:\xampp\htdocs\api_siices\system\CodeIgniter.php(507): CodeIgniter\CodeIgniter->runController(Object(App\Controllers\Egresados))
#8 C:\xampp\htdocs\api_siices\system\CodeIgniter.php(354): CodeIgniter\CodeIgniter->handleRequest(NULL, Object(Config\Cache), false)
#9 C:\xampp\htdocs\api_siices\system\Boot.php(363): CodeIgniter\CodeIgniter->run()
#10 C:\xampp\htdocs\api_siices\system\Boot.php(68): CodeIgniter\Boot::runCodeIgniter(Object(CodeIgniter\CodeIgniter))
#11 C:\xampp\htdocs\api_siices\public\index.php(59): CodeIgniter\Boot::bootWeb(Object(Config\Paths))
#12 {main}
CRITICAL - 2026-04-29 19:14:49 --> CodeIgniter\Database\Exceptions\DatabaseException: You have an error in your SQL syntax; check the manual that corresponds to your MySQL server version for the right syntax to use near '`=` IN (2024)
AND TRIM(CONCAT(i.edo_nom, ' ', h.del_nom)) IN ('AGUASCALIENTES','' at line 26
[Method: POST, Route: egresados/obtenerFila]
in SYSTEMPATH\Database\BaseConnection.php on line 684.
 1 SYSTEMPATH\Database\BaseBuilder.php(1649): CodeIgniter\Database\BaseConnection->query('SELECT f.cur_ano + 1 AS ANO_EGRESO, 
            b.mta_ctg_nom AS CATEGORIA, 
            trim(CONCAT(i.EDO_NOM,\' \',h.DEL_NOM)) AS DELEGACION, 
            d.esp_nom as ESPECIALIDAD,          
            case when d.esp_tip_cve=1 then \'DIRECTA\' ELSE \'RAMA\' END AS TIPO_ESPECIALIDAD, 
            g.sde_nom AS SEDE, 
            f.grd_num AS GRADO, 
            e.curp, 
            j.gnr_nom AS GENERO,              
            e.per_ap1, 
            e.per_ap2, 
            e.per_nom, 
            c.MTA_TIP_NOM AS TIPO
FROM `srm_per_reg_arc` `a`
JOIN `srm_mta_ctg_cat` `b` ON `a`.`mta_ctg_cve`=`b`.`mta_ctg_cve`
JOIN `srm_mta_tip_cat` `c` ON `a`.`mta_tip_cve`=`c`.`mta_tip_cve`
JOIN `srm_esp_cat` `d` ON `a`.`esp_cve`=`d`.`esp_cve`
JOIN `gra_per_arc` `e` ON `a`.`PER_CVE`=`e`.`PER_CVE`
JOIN `srm_per_ads_arc1` `f` ON `a`.`reg_cve`=`f`.`reg_cve`
JOIN `gra_sde_cat` `g` ON `f`.`sde_cve`=`g`.`sde_cve`
JOIN `ims_del_cat` `h` ON `g`.`del_cve`=`h`.`del_cve`
JOIN `gra_edo_cat` `i` ON `g`.`edo_cve`=`i`.`edo_cve`
JOIN `gra_per_gnr_cat` `j` ON `j`.`gnr_cve`=`e`.`gnr_cve`
WHERE `f`.`egr_sta_cve` = :f.egr_sta_cve:
AND `f`.`ter_sta_cve` = :f.ter_sta_cve:
AND `f`.`cur_ano + 1` `=` IN :f.cur_ano + 1 =:
AND TRIM(CONCAT(i.edo_nom, \' \', h.del_nom)) IN :TRIM(CONCAT(i.edo_nom, \' \', h.del_nom)):
AND `j`.`gnr_nom` IN :j.gnr_nom:
ORDER BY `f`.`cur_ano` DESC, `d`.`esp_nom` DESC, `e`.`per_ap1` DESC, `e`.`per_ap2` DESC, `e`.`per_nom` DESC', [...], false)
 2 APPPATH\Models\egresadosModel.php(78): CodeIgniter\Database\BaseBuilder->get()
 3 APPPATH\Controllers\Egresados.php(59): App\Models\egresadosModel->obtenerPorCampos([...], null, [...], null, [...])
 4 SYSTEMPATH\CodeIgniter.php(933): App\Controllers\Egresados->obtenerFila()
 5 SYSTEMPATH\CodeIgniter.php(507): CodeIgniter\CodeIgniter->runController(Object(App\Controllers\Egresados))
 6 SYSTEMPATH\CodeIgniter.php(354): CodeIgniter\CodeIgniter->handleRequest(null, Object(Config\Cache), false)
 7 SYSTEMPATH\Boot.php(363): CodeIgniter\CodeIgniter->run()
 8 SYSTEMPATH\Boot.php(68): CodeIgniter\Boot::runCodeIgniter(Object(CodeIgniter\CodeIgniter))
 9 FCPATH\index.php(59): CodeIgniter\Boot::bootWeb(Object(Config\Paths))
CRITICAL - 2026-04-29 19:14:49 --> [Caused by] CodeIgniter\Database\Exceptions\DatabaseException: You have an error in your SQL syntax; check the manual that corresponds to your MySQL server version for the right syntax to use near '`=` IN (2024)
AND TRIM(CONCAT(i.edo_nom, ' ', h.del_nom)) IN ('AGUASCALIENTES','' at line 26
in SYSTEMPATH\Database\MySQLi\Connection.php on line 332.
 1 SYSTEMPATH\Database\BaseConnection.php(729): CodeIgniter\Database\MySQLi\Connection->execute('SELECT f.cur_ano + 1 AS ANO_EGRESO, 
            b.mta_ctg_nom AS CATEGORIA, 
            trim(CONCAT(i.EDO_NOM,\' \',h.DEL_NOM)) AS DELEGACION, 
            d.esp_nom as ESPECIALIDAD,          
            case when d.esp_tip_cve=1 then \'DIRECTA\' ELSE \'RAMA\' END AS TIPO_ESPECIALIDAD, 
            g.sde_nom AS SEDE, 
            f.grd_num AS GRADO, 
            e.curp, 
            j.gnr_nom AS GENERO,              
            e.per_ap1, 
            e.per_ap2, 
            e.per_nom, 
            c.MTA_TIP_NOM AS TIPO
FROM `srm_per_reg_arc` `a`
JOIN `srm_mta_ctg_cat` `b` ON `a`.`mta_ctg_cve`=`b`.`mta_ctg_cve`
JOIN `srm_mta_tip_cat` `c` ON `a`.`mta_tip_cve`=`c`.`mta_tip_cve`
JOIN `srm_esp_cat` `d` ON `a`.`esp_cve`=`d`.`esp_cve`
JOIN `gra_per_arc` `e` ON `a`.`PER_CVE`=`e`.`PER_CVE`
JOIN `srm_per_ads_arc1` `f` ON `a`.`reg_cve`=`f`.`reg_cve`
JOIN `gra_sde_cat` `g` ON `f`.`sde_cve`=`g`.`sde_cve`
JOIN `ims_del_cat` `h` ON `g`.`del_cve`=`h`.`del_cve`
JOIN `gra_edo_cat` `i` ON `g`.`edo_cve`=`i`.`edo_cve`
JOIN `gra_per_gnr_cat` `j` ON `j`.`gnr_cve`=`e`.`gnr_cve`
WHERE `f`.`egr_sta_cve` = 1
AND `f`.`ter_sta_cve` = 1
AND `f`.`cur_ano + 1` `=` IN (2024)
AND TRIM(CONCAT(i.edo_nom, \' \', h.del_nom)) IN (\'AGUASCALIENTES\',\'ZACATECAS\')
AND `j`.`gnr_nom` IN (\'MUJER\')
ORDER BY `f`.`cur_ano` DESC, `d`.`esp_nom` DESC, `e`.`per_ap1` DESC, `e`.`per_ap2` DESC, `e`.`per_nom` DESC')
 2 SYSTEMPATH\Database\BaseConnection.php(646): CodeIgniter\Database\BaseConnection->simpleQuery('SELECT f.cur_ano + 1 AS ANO_EGRESO, 
            b.mta_ctg_nom AS CATEGORIA, 
            trim(CONCAT(i.EDO_NOM,\' \',h.DEL_NOM)) AS DELEGACION, 
            d.esp_nom as ESPECIALIDAD,          
            case when d.esp_tip_cve=1 then \'DIRECTA\' ELSE \'RAMA\' END AS TIPO_ESPECIALIDAD, 
            g.sde_nom AS SEDE, 
            f.grd_num AS GRADO, 
            e.curp, 
            j.gnr_nom AS GENERO,              
            e.per_ap1, 
            e.per_ap2, 
            e.per_nom, 
            c.MTA_TIP_NOM AS TIPO
FROM `srm_per_reg_arc` `a`
JOIN `srm_mta_ctg_cat` `b` ON `a`.`mta_ctg_cve`=`b`.`mta_ctg_cve`
JOIN `srm_mta_tip_cat` `c` ON `a`.`mta_tip_cve`=`c`.`mta_tip_cve`
JOIN `srm_esp_cat` `d` ON `a`.`esp_cve`=`d`.`esp_cve`
JOIN `gra_per_arc` `e` ON `a`.`PER_CVE`=`e`.`PER_CVE`
JOIN `srm_per_ads_arc1` `f` ON `a`.`reg_cve`=`f`.`reg_cve`
JOIN `gra_sde_cat` `g` ON `f`.`sde_cve`=`g`.`sde_cve`
JOIN `ims_del_cat` `h` ON `g`.`del_cve`=`h`.`del_cve`
JOIN `gra_edo_cat` `i` ON `g`.`edo_cve`=`i`.`edo_cve`
JOIN `gra_per_gnr_cat` `j` ON `j`.`gnr_cve`=`e`.`gnr_cve`
WHERE `f`.`egr_sta_cve` = 1
AND `f`.`ter_sta_cve` = 1
AND `f`.`cur_ano + 1` `=` IN (2024)
AND TRIM(CONCAT(i.edo_nom, \' \', h.del_nom)) IN (\'AGUASCALIENTES\',\'ZACATECAS\')
AND `j`.`gnr_nom` IN (\'MUJER\')
ORDER BY `f`.`cur_ano` DESC, `d`.`esp_nom` DESC, `e`.`per_ap1` DESC, `e`.`per_ap2` DESC, `e`.`per_nom` DESC')
 3 SYSTEMPATH\Database\BaseBuilder.php(1649): CodeIgniter\Database\BaseConnection->query('SELECT f.cur_ano + 1 AS ANO_EGRESO, 
            b.mta_ctg_nom AS CATEGORIA, 
            trim(CONCAT(i.EDO_NOM,\' \',h.DEL_NOM)) AS DELEGACION, 
            d.esp_nom as ESPECIALIDAD,          
            case when d.esp_tip_cve=1 then \'DIRECTA\' ELSE \'RAMA\' END AS TIPO_ESPECIALIDAD, 
            g.sde_nom AS SEDE, 
            f.grd_num AS GRADO, 
            e.curp, 
            j.gnr_nom AS GENERO,              
            e.per_ap1, 
            e.per_ap2, 
            e.per_nom, 
            c.MTA_TIP_NOM AS TIPO
FROM `srm_per_reg_arc` `a`
JOIN `srm_mta_ctg_cat` `b` ON `a`.`mta_ctg_cve`=`b`.`mta_ctg_cve`
JOIN `srm_mta_tip_cat` `c` ON `a`.`mta_tip_cve`=`c`.`mta_tip_cve`
JOIN `srm_esp_cat` `d` ON `a`.`esp_cve`=`d`.`esp_cve`
JOIN `gra_per_arc` `e` ON `a`.`PER_CVE`=`e`.`PER_CVE`
JOIN `srm_per_ads_arc1` `f` ON `a`.`reg_cve`=`f`.`reg_cve`
JOIN `gra_sde_cat` `g` ON `f`.`sde_cve`=`g`.`sde_cve`
JOIN `ims_del_cat` `h` ON `g`.`del_cve`=`h`.`del_cve`
JOIN `gra_edo_cat` `i` ON `g`.`edo_cve`=`i`.`edo_cve`
JOIN `gra_per_gnr_cat` `j` ON `j`.`gnr_cve`=`e`.`gnr_cve`
WHERE `f`.`egr_sta_cve` = :f.egr_sta_cve:
AND `f`.`ter_sta_cve` = :f.ter_sta_cve:
AND `f`.`cur_ano + 1` `=` IN :f.cur_ano + 1 =:
AND TRIM(CONCAT(i.edo_nom, \' \', h.del_nom)) IN :TRIM(CONCAT(i.edo_nom, \' \', h.del_nom)):
AND `j`.`gnr_nom` IN :j.gnr_nom:
ORDER BY `f`.`cur_ano` DESC, `d`.`esp_nom` DESC, `e`.`per_ap1` DESC, `e`.`per_ap2` DESC, `e`.`per_nom` DESC', [...], false)
 4 APPPATH\Models\egresadosModel.php(78): CodeIgniter\Database\BaseBuilder->get()
 5 APPPATH\Controllers\Egresados.php(59): App\Models\egresadosModel->obtenerPorCampos([...], null, [...], null, [...])
 6 SYSTEMPATH\CodeIgniter.php(933): App\Controllers\Egresados->obtenerFila()
 7 SYSTEMPATH\CodeIgniter.php(507): CodeIgniter\CodeIgniter->runController(Object(App\Controllers\Egresados))
 8 SYSTEMPATH\CodeIgniter.php(354): CodeIgniter\CodeIgniter->handleRequest(null, Object(Config\Cache), false)
 9 SYSTEMPATH\Boot.php(363): CodeIgniter\CodeIgniter->run()
10 SYSTEMPATH\Boot.php(68): CodeIgniter\Boot::runCodeIgniter(Object(CodeIgniter\CodeIgniter))
11 FCPATH\index.php(59): CodeIgniter\Boot::bootWeb(Object(Config\Paths))
CRITICAL - 2026-04-29 19:14:49 --> [Caused by] mysqli_sql_exception: You have an error in your SQL syntax; check the manual that corresponds to your MySQL server version for the right syntax to use near '`=` IN (2024)
AND TRIM(CONCAT(i.edo_nom, ' ', h.del_nom)) IN ('AGUASCALIENTES','' at line 26
in SYSTEMPATH\Database\MySQLi\Connection.php on line 327.
 1 SYSTEMPATH\Database\MySQLi\Connection.php(327): mysqli->query('SELECT f.cur_ano + 1 AS ANO_EGRESO, 
            b.mta_ctg_nom AS CATEGORIA, 
            trim(CONCAT(i.EDO_NOM,\' \',h.DEL_NOM)) AS DELEGACION, 
            d.esp_nom as ESPECIALIDAD,          
            case when d.esp_tip_cve=1 then \'DIRECTA\' ELSE \'RAMA\' END AS TIPO_ESPECIALIDAD, 
            g.sde_nom AS SEDE, 
            f.grd_num AS GRADO, 
            e.curp, 
            j.gnr_nom AS GENERO,              
            e.per_ap1, 
            e.per_ap2, 
            e.per_nom, 
            c.MTA_TIP_NOM AS TIPO
FROM `srm_per_reg_arc` `a`
JOIN `srm_mta_ctg_cat` `b` ON `a`.`mta_ctg_cve`=`b`.`mta_ctg_cve`
JOIN `srm_mta_tip_cat` `c` ON `a`.`mta_tip_cve`=`c`.`mta_tip_cve`
JOIN `srm_esp_cat` `d` ON `a`.`esp_cve`=`d`.`esp_cve`
JOIN `gra_per_arc` `e` ON `a`.`PER_CVE`=`e`.`PER_CVE`
JOIN `srm_per_ads_arc1` `f` ON `a`.`reg_cve`=`f`.`reg_cve`
JOIN `gra_sde_cat` `g` ON `f`.`sde_cve`=`g`.`sde_cve`
JOIN `ims_del_cat` `h` ON `g`.`del_cve`=`h`.`del_cve`
JOIN `gra_edo_cat` `i` ON `g`.`edo_cve`=`i`.`edo_cve`
JOIN `gra_per_gnr_cat` `j` ON `j`.`gnr_cve`=`e`.`gnr_cve`
WHERE `f`.`egr_sta_cve` = 1
AND `f`.`ter_sta_cve` = 1
AND `f`.`cur_ano + 1` `=` IN (2024)
AND TRIM(CONCAT(i.edo_nom, \' \', h.del_nom)) IN (\'AGUASCALIENTES\',\'ZACATECAS\')
AND `j`.`gnr_nom` IN (\'MUJER\')
ORDER BY `f`.`cur_ano` DESC, `d`.`esp_nom` DESC, `e`.`per_ap1` DESC, `e`.`per_ap2` DESC, `e`.`per_nom` DESC', 0)
 2 SYSTEMPATH\Database\BaseConnection.php(729): CodeIgniter\Database\MySQLi\Connection->execute('SELECT f.cur_ano + 1 AS ANO_EGRESO, 
            b.mta_ctg_nom AS CATEGORIA, 
            trim(CONCAT(i.EDO_NOM,\' \',h.DEL_NOM)) AS DELEGACION, 
            d.esp_nom as ESPECIALIDAD,          
            case when d.esp_tip_cve=1 then \'DIRECTA\' ELSE \'RAMA\' END AS TIPO_ESPECIALIDAD, 
            g.sde_nom AS SEDE, 
            f.grd_num AS GRADO, 
            e.curp, 
            j.gnr_nom AS GENERO,              
            e.per_ap1, 
            e.per_ap2, 
            e.per_nom, 
            c.MTA_TIP_NOM AS TIPO
FROM `srm_per_reg_arc` `a`
JOIN `srm_mta_ctg_cat` `b` ON `a`.`mta_ctg_cve`=`b`.`mta_ctg_cve`
JOIN `srm_mta_tip_cat` `c` ON `a`.`mta_tip_cve`=`c`.`mta_tip_cve`
JOIN `srm_esp_cat` `d` ON `a`.`esp_cve`=`d`.`esp_cve`
JOIN `gra_per_arc` `e` ON `a`.`PER_CVE`=`e`.`PER_CVE`
JOIN `srm_per_ads_arc1` `f` ON `a`.`reg_cve`=`f`.`reg_cve`
JOIN `gra_sde_cat` `g` ON `f`.`sde_cve`=`g`.`sde_cve`
JOIN `ims_del_cat` `h` ON `g`.`del_cve`=`h`.`del_cve`
JOIN `gra_edo_cat` `i` ON `g`.`edo_cve`=`i`.`edo_cve`
JOIN `gra_per_gnr_cat` `j` ON `j`.`gnr_cve`=`e`.`gnr_cve`
WHERE `f`.`egr_sta_cve` = 1
AND `f`.`ter_sta_cve` = 1
AND `f`.`cur_ano + 1` `=` IN (2024)
AND TRIM(CONCAT(i.edo_nom, \' \', h.del_nom)) IN (\'AGUASCALIENTES\',\'ZACATECAS\')
AND `j`.`gnr_nom` IN (\'MUJER\')
ORDER BY `f`.`cur_ano` DESC, `d`.`esp_nom` DESC, `e`.`per_ap1` DESC, `e`.`per_ap2` DESC, `e`.`per_nom` DESC')
 3 SYSTEMPATH\Database\BaseConnection.php(646): CodeIgniter\Database\BaseConnection->simpleQuery('SELECT f.cur_ano + 1 AS ANO_EGRESO, 
            b.mta_ctg_nom AS CATEGORIA, 
            trim(CONCAT(i.EDO_NOM,\' \',h.DEL_NOM)) AS DELEGACION, 
            d.esp_nom as ESPECIALIDAD,          
            case when d.esp_tip_cve=1 then \'DIRECTA\' ELSE \'RAMA\' END AS TIPO_ESPECIALIDAD, 
            g.sde_nom AS SEDE, 
            f.grd_num AS GRADO, 
            e.curp, 
            j.gnr_nom AS GENERO,              
            e.per_ap1, 
            e.per_ap2, 
            e.per_nom, 
            c.MTA_TIP_NOM AS TIPO
FROM `srm_per_reg_arc` `a`
JOIN `srm_mta_ctg_cat` `b` ON `a`.`mta_ctg_cve`=`b`.`mta_ctg_cve`
JOIN `srm_mta_tip_cat` `c` ON `a`.`mta_tip_cve`=`c`.`mta_tip_cve`
JOIN `srm_esp_cat` `d` ON `a`.`esp_cve`=`d`.`esp_cve`
JOIN `gra_per_arc` `e` ON `a`.`PER_CVE`=`e`.`PER_CVE`
JOIN `srm_per_ads_arc1` `f` ON `a`.`reg_cve`=`f`.`reg_cve`
JOIN `gra_sde_cat` `g` ON `f`.`sde_cve`=`g`.`sde_cve`
JOIN `ims_del_cat` `h` ON `g`.`del_cve`=`h`.`del_cve`
JOIN `gra_edo_cat` `i` ON `g`.`edo_cve`=`i`.`edo_cve`
JOIN `gra_per_gnr_cat` `j` ON `j`.`gnr_cve`=`e`.`gnr_cve`
WHERE `f`.`egr_sta_cve` = 1
AND `f`.`ter_sta_cve` = 1
AND `f`.`cur_ano + 1` `=` IN (2024)
AND TRIM(CONCAT(i.edo_nom, \' \', h.del_nom)) IN (\'AGUASCALIENTES\',\'ZACATECAS\')
AND `j`.`gnr_nom` IN (\'MUJER\')
ORDER BY `f`.`cur_ano` DESC, `d`.`esp_nom` DESC, `e`.`per_ap1` DESC, `e`.`per_ap2` DESC, `e`.`per_nom` DESC')
 4 SYSTEMPATH\Database\BaseBuilder.php(1649): CodeIgniter\Database\BaseConnection->query('SELECT f.cur_ano + 1 AS ANO_EGRESO, 
            b.mta_ctg_nom AS CATEGORIA, 
            trim(CONCAT(i.EDO_NOM,\' \',h.DEL_NOM)) AS DELEGACION, 
            d.esp_nom as ESPECIALIDAD,          
            case when d.esp_tip_cve=1 then \'DIRECTA\' ELSE \'RAMA\' END AS TIPO_ESPECIALIDAD, 
            g.sde_nom AS SEDE, 
            f.grd_num AS GRADO, 
            e.curp, 
            j.gnr_nom AS GENERO,              
            e.per_ap1, 
            e.per_ap2, 
            e.per_nom, 
            c.MTA_TIP_NOM AS TIPO
FROM `srm_per_reg_arc` `a`
JOIN `srm_mta_ctg_cat` `b` ON `a`.`mta_ctg_cve`=`b`.`mta_ctg_cve`
JOIN `srm_mta_tip_cat` `c` ON `a`.`mta_tip_cve`=`c`.`mta_tip_cve`
JOIN `srm_esp_cat` `d` ON `a`.`esp_cve`=`d`.`esp_cve`
JOIN `gra_per_arc` `e` ON `a`.`PER_CVE`=`e`.`PER_CVE`
JOIN `srm_per_ads_arc1` `f` ON `a`.`reg_cve`=`f`.`reg_cve`
JOIN `gra_sde_cat` `g` ON `f`.`sde_cve`=`g`.`sde_cve`
JOIN `ims_del_cat` `h` ON `g`.`del_cve`=`h`.`del_cve`
JOIN `gra_edo_cat` `i` ON `g`.`edo_cve`=`i`.`edo_cve`
JOIN `gra_per_gnr_cat` `j` ON `j`.`gnr_cve`=`e`.`gnr_cve`
WHERE `f`.`egr_sta_cve` = :f.egr_sta_cve:
AND `f`.`ter_sta_cve` = :f.ter_sta_cve:
AND `f`.`cur_ano + 1` `=` IN :f.cur_ano + 1 =:
AND TRIM(CONCAT(i.edo_nom, \' \', h.del_nom)) IN :TRIM(CONCAT(i.edo_nom, \' \', h.del_nom)):
AND `j`.`gnr_nom` IN :j.gnr_nom:
ORDER BY `f`.`cur_ano` DESC, `d`.`esp_nom` DESC, `e`.`per_ap1` DESC, `e`.`per_ap2` DESC, `e`.`per_nom` DESC', [...], false)
 5 APPPATH\Models\egresadosModel.php(78): CodeIgniter\Database\BaseBuilder->get()
 6 APPPATH\Controllers\Egresados.php(59): App\Models\egresadosModel->obtenerPorCampos([...], null, [...], null, [...])
 7 SYSTEMPATH\CodeIgniter.php(933): App\Controllers\Egresados->obtenerFila()
 8 SYSTEMPATH\CodeIgniter.php(507): CodeIgniter\CodeIgniter->runController(Object(App\Controllers\Egresados))
 9 SYSTEMPATH\CodeIgniter.php(354): CodeIgniter\CodeIgniter->handleRequest(null, Object(Config\Cache), false)
10 SYSTEMPATH\Boot.php(363): CodeIgniter\CodeIgniter->run()
11 SYSTEMPATH\Boot.php(68): CodeIgniter\Boot::runCodeIgniter(Object(CodeIgniter\CodeIgniter))
12 FCPATH\index.php(59): CodeIgniter\Boot::bootWeb(Object(Config\Paths))
ERROR - 2026-04-29 19:15:07 --> mysqli_sql_exception: You have an error in your SQL syntax; check the manual that corresponds to your MySQL server version for the right syntax to use near '`=` IN (2024)
AND `b`.`mta_ctg_nom` IN ('CIFRHS - ENARM')
AND TRIM(CONCAT(i.edo_' at line 26 in C:\xampp\htdocs\api_siices\system\Database\MySQLi\Connection.php:327
Stack trace:
#0 C:\xampp\htdocs\api_siices\system\Database\MySQLi\Connection.php(327): mysqli->query('SELECT f.cur_an...', 0)
#1 C:\xampp\htdocs\api_siices\system\Database\BaseConnection.php(729): CodeIgniter\Database\MySQLi\Connection->execute('SELECT f.cur_an...')
#2 C:\xampp\htdocs\api_siices\system\Database\BaseConnection.php(646): CodeIgniter\Database\BaseConnection->simpleQuery('SELECT f.cur_an...')
#3 C:\xampp\htdocs\api_siices\system\Database\BaseBuilder.php(1649): CodeIgniter\Database\BaseConnection->query('SELECT f.cur_an...', Array, false)
#4 C:\xampp\htdocs\api_siices\app\Models\egresadosModel.php(78): CodeIgniter\Database\BaseBuilder->get()
#5 C:\xampp\htdocs\api_siices\app\Controllers\Egresados.php(59): App\Models\egresadosModel->obtenerPorCampos(Array, Array, Array, Array, Array)
#6 C:\xampp\htdocs\api_siices\system\CodeIgniter.php(933): App\Controllers\Egresados->obtenerFila()
#7 C:\xampp\htdocs\api_siices\system\CodeIgniter.php(507): CodeIgniter\CodeIgniter->runController(Object(App\Controllers\Egresados))
#8 C:\xampp\htdocs\api_siices\system\CodeIgniter.php(354): CodeIgniter\CodeIgniter->handleRequest(NULL, Object(Config\Cache), false)
#9 C:\xampp\htdocs\api_siices\system\Boot.php(363): CodeIgniter\CodeIgniter->run()
#10 C:\xampp\htdocs\api_siices\system\Boot.php(68): CodeIgniter\Boot::runCodeIgniter(Object(CodeIgniter\CodeIgniter))
#11 C:\xampp\htdocs\api_siices\public\index.php(59): CodeIgniter\Boot::bootWeb(Object(Config\Paths))
#12 {main}
CRITICAL - 2026-04-29 19:15:07 --> CodeIgniter\Database\Exceptions\DatabaseException: You have an error in your SQL syntax; check the manual that corresponds to your MySQL server version for the right syntax to use near '`=` IN (2024)
AND `b`.`mta_ctg_nom` IN ('CIFRHS - ENARM')
AND TRIM(CONCAT(i.edo_' at line 26
[Method: POST, Route: egresados/obtenerFila]
in SYSTEMPATH\Database\BaseConnection.php on line 684.
 1 SYSTEMPATH\Database\BaseBuilder.php(1649): CodeIgniter\Database\BaseConnection->query('SELECT f.cur_ano + 1 AS ANO_EGRESO, 
            b.mta_ctg_nom AS CATEGORIA, 
            trim(CONCAT(i.EDO_NOM,\' \',h.DEL_NOM)) AS DELEGACION, 
            d.esp_nom as ESPECIALIDAD,          
            case when d.esp_tip_cve=1 then \'DIRECTA\' ELSE \'RAMA\' END AS TIPO_ESPECIALIDAD, 
            g.sde_nom AS SEDE, 
            f.grd_num AS GRADO, 
            e.curp, 
            j.gnr_nom AS GENERO,              
            e.per_ap1, 
            e.per_ap2, 
            e.per_nom, 
            c.MTA_TIP_NOM AS TIPO
FROM `srm_per_reg_arc` `a`
JOIN `srm_mta_ctg_cat` `b` ON `a`.`mta_ctg_cve`=`b`.`mta_ctg_cve`
JOIN `srm_mta_tip_cat` `c` ON `a`.`mta_tip_cve`=`c`.`mta_tip_cve`
JOIN `srm_esp_cat` `d` ON `a`.`esp_cve`=`d`.`esp_cve`
JOIN `gra_per_arc` `e` ON `a`.`PER_CVE`=`e`.`PER_CVE`
JOIN `srm_per_ads_arc1` `f` ON `a`.`reg_cve`=`f`.`reg_cve`
JOIN `gra_sde_cat` `g` ON `f`.`sde_cve`=`g`.`sde_cve`
JOIN `ims_del_cat` `h` ON `g`.`del_cve`=`h`.`del_cve`
JOIN `gra_edo_cat` `i` ON `g`.`edo_cve`=`i`.`edo_cve`
JOIN `gra_per_gnr_cat` `j` ON `j`.`gnr_cve`=`e`.`gnr_cve`
WHERE `f`.`egr_sta_cve` = :f.egr_sta_cve:
AND `f`.`ter_sta_cve` = :f.ter_sta_cve:
AND `f`.`cur_ano + 1` `=` IN :f.cur_ano + 1 =:
AND `b`.`mta_ctg_nom` IN :b.mta_ctg_nom:
AND TRIM(CONCAT(i.edo_nom, \' \', h.del_nom)) IN :TRIM(CONCAT(i.edo_nom, \' \', h.del_nom)):
AND `d`.`esp_nom` IN :d.esp_nom:
AND `j`.`gnr_nom` IN :j.gnr_nom:
ORDER BY `f`.`cur_ano` DESC, `d`.`esp_nom` DESC, `e`.`per_ap1` DESC, `e`.`per_ap2` DESC, `e`.`per_nom` DESC', [...], false)
 2 APPPATH\Models\egresadosModel.php(78): CodeIgniter\Database\BaseBuilder->get()
 3 APPPATH\Controllers\Egresados.php(59): App\Models\egresadosModel->obtenerPorCampos([...], [...], [...], [...], [...])
 4 SYSTEMPATH\CodeIgniter.php(933): App\Controllers\Egresados->obtenerFila()
 5 SYSTEMPATH\CodeIgniter.php(507): CodeIgniter\CodeIgniter->runController(Object(App\Controllers\Egresados))
 6 SYSTEMPATH\CodeIgniter.php(354): CodeIgniter\CodeIgniter->handleRequest(null, Object(Config\Cache), false)
 7 SYSTEMPATH\Boot.php(363): CodeIgniter\CodeIgniter->run()
 8 SYSTEMPATH\Boot.php(68): CodeIgniter\Boot::runCodeIgniter(Object(CodeIgniter\CodeIgniter))
 9 FCPATH\index.php(59): CodeIgniter\Boot::bootWeb(Object(Config\Paths))
CRITICAL - 2026-04-29 19:15:07 --> [Caused by] CodeIgniter\Database\Exceptions\DatabaseException: You have an error in your SQL syntax; check the manual that corresponds to your MySQL server version for the right syntax to use near '`=` IN (2024)
AND `b`.`mta_ctg_nom` IN ('CIFRHS - ENARM')
AND TRIM(CONCAT(i.edo_' at line 26
in SYSTEMPATH\Database\MySQLi\Connection.php on line 332.
 1 SYSTEMPATH\Database\BaseConnection.php(729): CodeIgniter\Database\MySQLi\Connection->execute('SELECT f.cur_ano + 1 AS ANO_EGRESO, 
            b.mta_ctg_nom AS CATEGORIA, 
            trim(CONCAT(i.EDO_NOM,\' \',h.DEL_NOM)) AS DELEGACION, 
            d.esp_nom as ESPECIALIDAD,          
            case when d.esp_tip_cve=1 then \'DIRECTA\' ELSE \'RAMA\' END AS TIPO_ESPECIALIDAD, 
            g.sde_nom AS SEDE, 
            f.grd_num AS GRADO, 
            e.curp, 
            j.gnr_nom AS GENERO,              
            e.per_ap1, 
            e.per_ap2, 
            e.per_nom, 
            c.MTA_TIP_NOM AS TIPO
FROM `srm_per_reg_arc` `a`
JOIN `srm_mta_ctg_cat` `b` ON `a`.`mta_ctg_cve`=`b`.`mta_ctg_cve`
JOIN `srm_mta_tip_cat` `c` ON `a`.`mta_tip_cve`=`c`.`mta_tip_cve`
JOIN `srm_esp_cat` `d` ON `a`.`esp_cve`=`d`.`esp_cve`
JOIN `gra_per_arc` `e` ON `a`.`PER_CVE`=`e`.`PER_CVE`
JOIN `srm_per_ads_arc1` `f` ON `a`.`reg_cve`=`f`.`reg_cve`
JOIN `gra_sde_cat` `g` ON `f`.`sde_cve`=`g`.`sde_cve`
JOIN `ims_del_cat` `h` ON `g`.`del_cve`=`h`.`del_cve`
JOIN `gra_edo_cat` `i` ON `g`.`edo_cve`=`i`.`edo_cve`
JOIN `gra_per_gnr_cat` `j` ON `j`.`gnr_cve`=`e`.`gnr_cve`
WHERE `f`.`egr_sta_cve` = 1
AND `f`.`ter_sta_cve` = 1
AND `f`.`cur_ano + 1` `=` IN (2024)
AND `b`.`mta_ctg_nom` IN (\'CIFRHS - ENARM\')
AND TRIM(CONCAT(i.edo_nom, \' \', h.del_nom)) IN (\'AGUASCALIENTES\',\'ZACATECAS\')
AND `d`.`esp_nom` IN (\'ANESTESIOLOGIA\',\'PEDIATRIA\')
AND `j`.`gnr_nom` IN (\'MUJER\')
ORDER BY `f`.`cur_ano` DESC, `d`.`esp_nom` DESC, `e`.`per_ap1` DESC, `e`.`per_ap2` DESC, `e`.`per_nom` DESC')
 2 SYSTEMPATH\Database\BaseConnection.php(646): CodeIgniter\Database\BaseConnection->simpleQuery('SELECT f.cur_ano + 1 AS ANO_EGRESO, 
            b.mta_ctg_nom AS CATEGORIA, 
            trim(CONCAT(i.EDO_NOM,\' \',h.DEL_NOM)) AS DELEGACION, 
            d.esp_nom as ESPECIALIDAD,          
            case when d.esp_tip_cve=1 then \'DIRECTA\' ELSE \'RAMA\' END AS TIPO_ESPECIALIDAD, 
            g.sde_nom AS SEDE, 
            f.grd_num AS GRADO, 
            e.curp, 
            j.gnr_nom AS GENERO,              
            e.per_ap1, 
            e.per_ap2, 
            e.per_nom, 
            c.MTA_TIP_NOM AS TIPO
FROM `srm_per_reg_arc` `a`
JOIN `srm_mta_ctg_cat` `b` ON `a`.`mta_ctg_cve`=`b`.`mta_ctg_cve`
JOIN `srm_mta_tip_cat` `c` ON `a`.`mta_tip_cve`=`c`.`mta_tip_cve`
JOIN `srm_esp_cat` `d` ON `a`.`esp_cve`=`d`.`esp_cve`
JOIN `gra_per_arc` `e` ON `a`.`PER_CVE`=`e`.`PER_CVE`
JOIN `srm_per_ads_arc1` `f` ON `a`.`reg_cve`=`f`.`reg_cve`
JOIN `gra_sde_cat` `g` ON `f`.`sde_cve`=`g`.`sde_cve`
JOIN `ims_del_cat` `h` ON `g`.`del_cve`=`h`.`del_cve`
JOIN `gra_edo_cat` `i` ON `g`.`edo_cve`=`i`.`edo_cve`
JOIN `gra_per_gnr_cat` `j` ON `j`.`gnr_cve`=`e`.`gnr_cve`
WHERE `f`.`egr_sta_cve` = 1
AND `f`.`ter_sta_cve` = 1
AND `f`.`cur_ano + 1` `=` IN (2024)
AND `b`.`mta_ctg_nom` IN (\'CIFRHS - ENARM\')
AND TRIM(CONCAT(i.edo_nom, \' \', h.del_nom)) IN (\'AGUASCALIENTES\',\'ZACATECAS\')
AND `d`.`esp_nom` IN (\'ANESTESIOLOGIA\',\'PEDIATRIA\')
AND `j`.`gnr_nom` IN (\'MUJER\')
ORDER BY `f`.`cur_ano` DESC, `d`.`esp_nom` DESC, `e`.`per_ap1` DESC, `e`.`per_ap2` DESC, `e`.`per_nom` DESC')
 3 SYSTEMPATH\Database\BaseBuilder.php(1649): CodeIgniter\Database\BaseConnection->query('SELECT f.cur_ano + 1 AS ANO_EGRESO, 
            b.mta_ctg_nom AS CATEGORIA, 
            trim(CONCAT(i.EDO_NOM,\' \',h.DEL_NOM)) AS DELEGACION, 
            d.esp_nom as ESPECIALIDAD,          
            case when d.esp_tip_cve=1 then \'DIRECTA\' ELSE \'RAMA\' END AS TIPO_ESPECIALIDAD, 
            g.sde_nom AS SEDE, 
            f.grd_num AS GRADO, 
            e.curp, 
            j.gnr_nom AS GENERO,              
            e.per_ap1, 
            e.per_ap2, 
            e.per_nom, 
            c.MTA_TIP_NOM AS TIPO
FROM `srm_per_reg_arc` `a`
JOIN `srm_mta_ctg_cat` `b` ON `a`.`mta_ctg_cve`=`b`.`mta_ctg_cve`
JOIN `srm_mta_tip_cat` `c` ON `a`.`mta_tip_cve`=`c`.`mta_tip_cve`
JOIN `srm_esp_cat` `d` ON `a`.`esp_cve`=`d`.`esp_cve`
JOIN `gra_per_arc` `e` ON `a`.`PER_CVE`=`e`.`PER_CVE`
JOIN `srm_per_ads_arc1` `f` ON `a`.`reg_cve`=`f`.`reg_cve`
JOIN `gra_sde_cat` `g` ON `f`.`sde_cve`=`g`.`sde_cve`
JOIN `ims_del_cat` `h` ON `g`.`del_cve`=`h`.`del_cve`
JOIN `gra_edo_cat` `i` ON `g`.`edo_cve`=`i`.`edo_cve`
JOIN `gra_per_gnr_cat` `j` ON `j`.`gnr_cve`=`e`.`gnr_cve`
WHERE `f`.`egr_sta_cve` = :f.egr_sta_cve:
AND `f`.`ter_sta_cve` = :f.ter_sta_cve:
AND `f`.`cur_ano + 1` `=` IN :f.cur_ano + 1 =:
AND `b`.`mta_ctg_nom` IN :b.mta_ctg_nom:
AND TRIM(CONCAT(i.edo_nom, \' \', h.del_nom)) IN :TRIM(CONCAT(i.edo_nom, \' \', h.del_nom)):
AND `d`.`esp_nom` IN :d.esp_nom:
AND `j`.`gnr_nom` IN :j.gnr_nom:
ORDER BY `f`.`cur_ano` DESC, `d`.`esp_nom` DESC, `e`.`per_ap1` DESC, `e`.`per_ap2` DESC, `e`.`per_nom` DESC', [...], false)
 4 APPPATH\Models\egresadosModel.php(78): CodeIgniter\Database\BaseBuilder->get()
 5 APPPATH\Controllers\Egresados.php(59): App\Models\egresadosModel->obtenerPorCampos([...], [...], [...], [...], [...])
 6 SYSTEMPATH\CodeIgniter.php(933): App\Controllers\Egresados->obtenerFila()
 7 SYSTEMPATH\CodeIgniter.php(507): CodeIgniter\CodeIgniter->runController(Object(App\Controllers\Egresados))
 8 SYSTEMPATH\CodeIgniter.php(354): CodeIgniter\CodeIgniter->handleRequest(null, Object(Config\Cache), false)
 9 SYSTEMPATH\Boot.php(363): CodeIgniter\CodeIgniter->run()
10 SYSTEMPATH\Boot.php(68): CodeIgniter\Boot::runCodeIgniter(Object(CodeIgniter\CodeIgniter))
11 FCPATH\index.php(59): CodeIgniter\Boot::bootWeb(Object(Config\Paths))
CRITICAL - 2026-04-29 19:15:07 --> [Caused by] mysqli_sql_exception: You have an error in your SQL syntax; check the manual that corresponds to your MySQL server version for the right syntax to use near '`=` IN (2024)
AND `b`.`mta_ctg_nom` IN ('CIFRHS - ENARM')
AND TRIM(CONCAT(i.edo_' at line 26
in SYSTEMPATH\Database\MySQLi\Connection.php on line 327.
 1 SYSTEMPATH\Database\MySQLi\Connection.php(327): mysqli->query('SELECT f.cur_ano + 1 AS ANO_EGRESO, 
            b.mta_ctg_nom AS CATEGORIA, 
            trim(CONCAT(i.EDO_NOM,\' \',h.DEL_NOM)) AS DELEGACION, 
            d.esp_nom as ESPECIALIDAD,          
            case when d.esp_tip_cve=1 then \'DIRECTA\' ELSE \'RAMA\' END AS TIPO_ESPECIALIDAD, 
            g.sde_nom AS SEDE, 
            f.grd_num AS GRADO, 
            e.curp, 
            j.gnr_nom AS GENERO,              
            e.per_ap1, 
            e.per_ap2, 
            e.per_nom, 
            c.MTA_TIP_NOM AS TIPO
FROM `srm_per_reg_arc` `a`
JOIN `srm_mta_ctg_cat` `b` ON `a`.`mta_ctg_cve`=`b`.`mta_ctg_cve`
JOIN `srm_mta_tip_cat` `c` ON `a`.`mta_tip_cve`=`c`.`mta_tip_cve`
JOIN `srm_esp_cat` `d` ON `a`.`esp_cve`=`d`.`esp_cve`
JOIN `gra_per_arc` `e` ON `a`.`PER_CVE`=`e`.`PER_CVE`
JOIN `srm_per_ads_arc1` `f` ON `a`.`reg_cve`=`f`.`reg_cve`
JOIN `gra_sde_cat` `g` ON `f`.`sde_cve`=`g`.`sde_cve`
JOIN `ims_del_cat` `h` ON `g`.`del_cve`=`h`.`del_cve`
JOIN `gra_edo_cat` `i` ON `g`.`edo_cve`=`i`.`edo_cve`
JOIN `gra_per_gnr_cat` `j` ON `j`.`gnr_cve`=`e`.`gnr_cve`
WHERE `f`.`egr_sta_cve` = 1
AND `f`.`ter_sta_cve` = 1
AND `f`.`cur_ano + 1` `=` IN (2024)
AND `b`.`mta_ctg_nom` IN (\'CIFRHS - ENARM\')
AND TRIM(CONCAT(i.edo_nom, \' \', h.del_nom)) IN (\'AGUASCALIENTES\',\'ZACATECAS\')
AND `d`.`esp_nom` IN (\'ANESTESIOLOGIA\',\'PEDIATRIA\')
AND `j`.`gnr_nom` IN (\'MUJER\')
ORDER BY `f`.`cur_ano` DESC, `d`.`esp_nom` DESC, `e`.`per_ap1` DESC, `e`.`per_ap2` DESC, `e`.`per_nom` DESC', 0)
 2 SYSTEMPATH\Database\BaseConnection.php(729): CodeIgniter\Database\MySQLi\Connection->execute('SELECT f.cur_ano + 1 AS ANO_EGRESO, 
            b.mta_ctg_nom AS CATEGORIA, 
            trim(CONCAT(i.EDO_NOM,\' \',h.DEL_NOM)) AS DELEGACION, 
            d.esp_nom as ESPECIALIDAD,          
            case when d.esp_tip_cve=1 then \'DIRECTA\' ELSE \'RAMA\' END AS TIPO_ESPECIALIDAD, 
            g.sde_nom AS SEDE, 
            f.grd_num AS GRADO, 
            e.curp, 
            j.gnr_nom AS GENERO,              
            e.per_ap1, 
            e.per_ap2, 
            e.per_nom, 
            c.MTA_TIP_NOM AS TIPO
FROM `srm_per_reg_arc` `a`
JOIN `srm_mta_ctg_cat` `b` ON `a`.`mta_ctg_cve`=`b`.`mta_ctg_cve`
JOIN `srm_mta_tip_cat` `c` ON `a`.`mta_tip_cve`=`c`.`mta_tip_cve`
JOIN `srm_esp_cat` `d` ON `a`.`esp_cve`=`d`.`esp_cve`
JOIN `gra_per_arc` `e` ON `a`.`PER_CVE`=`e`.`PER_CVE`
JOIN `srm_per_ads_arc1` `f` ON `a`.`reg_cve`=`f`.`reg_cve`
JOIN `gra_sde_cat` `g` ON `f`.`sde_cve`=`g`.`sde_cve`
JOIN `ims_del_cat` `h` ON `g`.`del_cve`=`h`.`del_cve`
JOIN `gra_edo_cat` `i` ON `g`.`edo_cve`=`i`.`edo_cve`
JOIN `gra_per_gnr_cat` `j` ON `j`.`gnr_cve`=`e`.`gnr_cve`
WHERE `f`.`egr_sta_cve` = 1
AND `f`.`ter_sta_cve` = 1
AND `f`.`cur_ano + 1` `=` IN (2024)
AND `b`.`mta_ctg_nom` IN (\'CIFRHS - ENARM\')
AND TRIM(CONCAT(i.edo_nom, \' \', h.del_nom)) IN (\'AGUASCALIENTES\',\'ZACATECAS\')
AND `d`.`esp_nom` IN (\'ANESTESIOLOGIA\',\'PEDIATRIA\')
AND `j`.`gnr_nom` IN (\'MUJER\')
ORDER BY `f`.`cur_ano` DESC, `d`.`esp_nom` DESC, `e`.`per_ap1` DESC, `e`.`per_ap2` DESC, `e`.`per_nom` DESC')
 3 SYSTEMPATH\Database\BaseConnection.php(646): CodeIgniter\Database\BaseConnection->simpleQuery('SELECT f.cur_ano + 1 AS ANO_EGRESO, 
            b.mta_ctg_nom AS CATEGORIA, 
            trim(CONCAT(i.EDO_NOM,\' \',h.DEL_NOM)) AS DELEGACION, 
            d.esp_nom as ESPECIALIDAD,          
            case when d.esp_tip_cve=1 then \'DIRECTA\' ELSE \'RAMA\' END AS TIPO_ESPECIALIDAD, 
            g.sde_nom AS SEDE, 
            f.grd_num AS GRADO, 
            e.curp, 
            j.gnr_nom AS GENERO,              
            e.per_ap1, 
            e.per_ap2, 
            e.per_nom, 
            c.MTA_TIP_NOM AS TIPO
FROM `srm_per_reg_arc` `a`
JOIN `srm_mta_ctg_cat` `b` ON `a`.`mta_ctg_cve`=`b`.`mta_ctg_cve`
JOIN `srm_mta_tip_cat` `c` ON `a`.`mta_tip_cve`=`c`.`mta_tip_cve`
JOIN `srm_esp_cat` `d` ON `a`.`esp_cve`=`d`.`esp_cve`
JOIN `gra_per_arc` `e` ON `a`.`PER_CVE`=`e`.`PER_CVE`
JOIN `srm_per_ads_arc1` `f` ON `a`.`reg_cve`=`f`.`reg_cve`
JOIN `gra_sde_cat` `g` ON `f`.`sde_cve`=`g`.`sde_cve`
JOIN `ims_del_cat` `h` ON `g`.`del_cve`=`h`.`del_cve`
JOIN `gra_edo_cat` `i` ON `g`.`edo_cve`=`i`.`edo_cve`
JOIN `gra_per_gnr_cat` `j` ON `j`.`gnr_cve`=`e`.`gnr_cve`
WHERE `f`.`egr_sta_cve` = 1
AND `f`.`ter_sta_cve` = 1
AND `f`.`cur_ano + 1` `=` IN (2024)
AND `b`.`mta_ctg_nom` IN (\'CIFRHS - ENARM\')
AND TRIM(CONCAT(i.edo_nom, \' \', h.del_nom)) IN (\'AGUASCALIENTES\',\'ZACATECAS\')
AND `d`.`esp_nom` IN (\'ANESTESIOLOGIA\',\'PEDIATRIA\')
AND `j`.`gnr_nom` IN (\'MUJER\')
ORDER BY `f`.`cur_ano` DESC, `d`.`esp_nom` DESC, `e`.`per_ap1` DESC, `e`.`per_ap2` DESC, `e`.`per_nom` DESC')
 4 SYSTEMPATH\Database\BaseBuilder.php(1649): CodeIgniter\Database\BaseConnection->query('SELECT f.cur_ano + 1 AS ANO_EGRESO, 
            b.mta_ctg_nom AS CATEGORIA, 
            trim(CONCAT(i.EDO_NOM,\' \',h.DEL_NOM)) AS DELEGACION, 
            d.esp_nom as ESPECIALIDAD,          
            case when d.esp_tip_cve=1 then \'DIRECTA\' ELSE \'RAMA\' END AS TIPO_ESPECIALIDAD, 
            g.sde_nom AS SEDE, 
            f.grd_num AS GRADO, 
            e.curp, 
            j.gnr_nom AS GENERO,              
            e.per_ap1, 
            e.per_ap2, 
            e.per_nom, 
            c.MTA_TIP_NOM AS TIPO
FROM `srm_per_reg_arc` `a`
JOIN `srm_mta_ctg_cat` `b` ON `a`.`mta_ctg_cve`=`b`.`mta_ctg_cve`
JOIN `srm_mta_tip_cat` `c` ON `a`.`mta_tip_cve`=`c`.`mta_tip_cve`
JOIN `srm_esp_cat` `d` ON `a`.`esp_cve`=`d`.`esp_cve`
JOIN `gra_per_arc` `e` ON `a`.`PER_CVE`=`e`.`PER_CVE`
JOIN `srm_per_ads_arc1` `f` ON `a`.`reg_cve`=`f`.`reg_cve`
JOIN `gra_sde_cat` `g` ON `f`.`sde_cve`=`g`.`sde_cve`
JOIN `ims_del_cat` `h` ON `g`.`del_cve`=`h`.`del_cve`
JOIN `gra_edo_cat` `i` ON `g`.`edo_cve`=`i`.`edo_cve`
JOIN `gra_per_gnr_cat` `j` ON `j`.`gnr_cve`=`e`.`gnr_cve`
WHERE `f`.`egr_sta_cve` = :f.egr_sta_cve:
AND `f`.`ter_sta_cve` = :f.ter_sta_cve:
AND `f`.`cur_ano + 1` `=` IN :f.cur_ano + 1 =:
AND `b`.`mta_ctg_nom` IN :b.mta_ctg_nom:
AND TRIM(CONCAT(i.edo_nom, \' \', h.del_nom)) IN :TRIM(CONCAT(i.edo_nom, \' \', h.del_nom)):
AND `d`.`esp_nom` IN :d.esp_nom:
AND `j`.`gnr_nom` IN :j.gnr_nom:
ORDER BY `f`.`cur_ano` DESC, `d`.`esp_nom` DESC, `e`.`per_ap1` DESC, `e`.`per_ap2` DESC, `e`.`per_nom` DESC', [...], false)
 5 APPPATH\Models\egresadosModel.php(78): CodeIgniter\Database\BaseBuilder->get()
 6 APPPATH\Controllers\Egresados.php(59): App\Models\egresadosModel->obtenerPorCampos([...], [...], [...], [...], [...])
 7 SYSTEMPATH\CodeIgniter.php(933): App\Controllers\Egresados->obtenerFila()
 8 SYSTEMPATH\CodeIgniter.php(507): CodeIgniter\CodeIgniter->runController(Object(App\Controllers\Egresados))
 9 SYSTEMPATH\CodeIgniter.php(354): CodeIgniter\CodeIgniter->handleRequest(null, Object(Config\Cache), false)
10 SYSTEMPATH\Boot.php(363): CodeIgniter\CodeIgniter->run()
11 SYSTEMPATH\Boot.php(68): CodeIgniter\Boot::runCodeIgniter(Object(CodeIgniter\CodeIgniter))
12 FCPATH\index.php(59): CodeIgniter\Boot::bootWeb(Object(Config\Paths))
